Data,Simbol,Piata,Desch,Maxim,Minim,Inchid,PretMed,Volum,Valoare,NrTranz,Modif%
2011-01-04T00:00:00,ALR,REGS,2.6097,2.6097,2.5597,2.5597,,5000,15610,7,
2011-01-05T00:00:00,ALR,REGS,2.5897,2.5997,2.5597,2.5597,,3000,9395,5,
2011-01-06T00:00:00,ALR,REGS,2.5797,2.5797,2.5797,2.5797,,500,1560,1,
2011-01-07T00:00:00,ALR,REGS,2.5997,2.6597,2.5997,2.6597,,12500,39815,15,
2011-01-10T00:00:00,ALR,REGS,2.6597,2.6697,2.6597,2.6597,,8000,25605,9,
2011-01-11T00:00:00,ALR,REGS,2.6597,2.7497,2.6597,2.7497,,3500,11425,6,
2011-01-12T00:00:00,ALR,REGS,2.7597,2.8597,2.7597,2.8597,,7000,23395,8,
2011-01-13T00:00:00,ALR,REGS,2.7597,2.8097,2.7597,2.8097,,32000,105650,10,
2011-01-14T00:00:00,ALR,REGS,2.8597,2.8597,2.8597,2.8597,,5000,17000,6,
2011-01-17T00:00:00,ALR,REGS,2.8097,2.8597,2.8097,2.8597,,7000,23760,8,
2011-01-18T00:00:00,ALR,REGS,2.8697,2.9097,2.8597,2.8597,,31000,106755,9,
2011-01-19T00:00:00,ALR,REGS,2.8897,2.8897,2.8597,2.8597,,1000,3415,2,
2011-01-20T00:00:00,ALR,REGS,2.8597,2.8997,2.8597,2.8997,,4500,15360,7,
2011-01-21T00:00:00,ALR,REGS,2.9097,2.9097,2.8497,2.8497,,8000,27565,8,
2011-01-24T00:00:00,ALR,REGS,2.8697,2.8697,2.8597,2.8597,,9000,30625,5,
2011-01-25T00:00:00,ALR,REGS,2.8597,2.9597,2.8597,2.9097,,19500,68010,17,
2011-01-26T00:00:00,ALR,REGS,2.9097,2.9797,2.8797,2.9597,,4000,13830,4,
2011-01-27T00:00:00,ALR,REGS,2.8597,2.8597,2.8597,2.8597,,1000,3400,2,
2011-01-28T00:00:00,ALR,REGS,2.7397,2.7397,2.7397,2.7397,,500,1640,1,
2011-01-31T00:00:00,ALR,REGS,2.7397,2.7397,2.5647,2.5847,,7500,23770,11,
2011-02-02T00:00:00,ALR,REGS,2.7597,2.8097,2.7597,2.8097,,13000,43025,9,
2011-02-03T00:00:00,ALR,REGS,2.8097,2.8097,2.7597,2.7997,,2500,8315,4,
2011-02-04T00:00:00,ALR,REGS,2.8297,2.8397,2.6597,2.6597,,4000,13335,4,
2011-02-09T00:00:00,ALR,REGS,2.8497,2.8597,2.8497,2.8597,,2000,6795,4,
2011-02-10T00:00:00,ALR,REGS,2.7097,2.7097,2.6997,2.7097,,1500,4870,3,
2011-02-11T00:00:00,ALR,REGS,2.7097,2.7097,2.6997,2.6997,,3000,9745,3,
2011-02-14T00:00:00,ALR,REGS,2.6997,2.7597,2.6997,2.7207,,2000,6550,4,
2011-02-15T00:00:00,ALR,REGS,2.7597,2.9097,2.7597,2.7597,,33500,114349.5,13,
2011-02-16T00:00:00,ALR,REGS,2.9297,2.9397,2.8097,2.8797,,9000,30935,14,
2011-02-17T00:00:00,ALR,REGS,2.8597,2.8597,2.8597,2.8597,,4000,13600,5,
2011-02-18T00:00:00,ALR,REGS,2.7797,2.9097,2.7797,2.9097,,15500,52737.5,9,
2011-02-22T00:00:00,ALR,REGS,2.8597,2.9097,2.8597,2.8597,,3000,10225,5,
2011-02-23T00:00:00,ALR,REGS,2.8097,2.8597,2.8097,2.8597,,9000,30575,12,
2011-02-24T00:00:00,ALR,REGS,2.8097,2.8597,2.7797,2.7897,,11500,38645,18,
2011-02-25T00:00:00,ALR,REGS,2.8597,2.8597,2.8597,2.8597,,1000,3400,2,
2011-02-28T00:00:00,ALR,REGS,2.8697,2.8997,2.8597,2.8697,,19500,66970,12,
2011-03-01T00:00:00,ALR,REGS,2.9097,2.9197,2.8597,2.8597,,12000,41030,13,
2011-03-02T00:00:00,ALR,REGS,2.8597,2.8597,2.8597,2.8597,,5500,18700,4,
2011-03-03T00:00:00,ALR,REGS,2.8197,2.9197,2.8197,2.9197,,11500,39570,10,
2011-03-04T00:00:00,ALR,REGS,2.9297,2.9997,2.9297,2.9797,,13500,47327.5,13,
2011-03-07T00:00:00,ALR,REGS,2.9897,3.0097,2.9597,2.9597,,3000,10565,10,
2011-03-08T00:00:00,ALR,REGS,3.0597,3.0997,3.0097,3.0997,,16800,60353,9,
2011-03-09T00:00:00,ALR,REGS,3.0997,3.1597,3.0997,3.1097,,26900,98229,19,
2011-03-10T00:00:00,ALR,REGS,3.1107,3.2197,3.1107,3.2097,,19400,72545.6,31,
2011-03-11T00:00:00,ALR,REGS,3.1997,3.3597,3.1097,3.3497,,28000,105684.1,34,
2011-03-14T00:00:00,ALR,REGS,3.2797,3.3847,3.2797,3.3047,,20400,79322.4,36,
2011-03-15T00:00:00,ALR,REGS,3.3057,3.3057,3.0597,3.1097,,31600,116677.7,40,
2011-03-16T00:00:00,ALR,REGS,3.1597,3.2897,3.1597,3.2097,,30800,114116.7,19,
2011-03-17T00:00:00,ALR,REGS,3.2097,3.2597,3.1597,3.1597,,22100,83192,19,
2011-03-18T00:00:00,ALR,REGS,3.1797,3.1797,3.0697,3.1497,,75700,278637.2,32,
2011-03-21T00:00:00,ALR,REGS,3.0997,3.1847,3.0997,3.1097,,15500,57291.5,9,
2011-03-22T00:00:00,ALR,REGS,3.1897,3.2197,3.1597,3.2197,,6800,25536,8,
2011-03-23T00:00:00,ALR,REGS,3.1697,3.1807,3.1597,3.1597,,5000,18577.1,12,
2011-03-24T00:00:00,ALR,REGS,3.2037,3.2097,3.1987,3.2097,,10400,38952.8,12,
2011-03-25T00:00:00,ALR,REGS,3.2397,3.2597,3.2397,3.2597,,13300,50499,14,
2011-03-28T00:00:00,ALR,REGS,3.2497,3.3397,3.2497,3.3397,,13800,52478,6,
2011-03-29T00:00:00,ALR,REGS,3.2297,3.2797,3.1597,3.2797,,4300,16186.3,23,
2011-03-30T00:00:00,ALR,REGS,3.3097,3.3097,3.2097,3.2597,,2600,9875,9,
2011-03-31T00:00:00,ALR,REGS,3.3197,3.3797,3.2397,3.2397,,6100,23605.3,18,
2011-04-01T00:00:00,ALR,REGS,3.3097,3.3797,3.3097,3.3797,,14000,54515,23,
2011-04-04T00:00:00,ALR,REGS,3.3797,3.3797,3.2597,3.3447,,6000,23303,16,
2011-04-05T00:00:00,ALR,REGS,3.3007,3.5497,3.2997,3.5497,,37200,147994.5,44,
2011-04-06T00:00:00,ALR,REGS,3.5497,3.6597,3.5497,3.6597,,11000,45742,34,
2011-04-07T00:00:00,ALR,REGS,3.7097,3.7397,3.6597,3.6597,,3300,13986,12,
2011-04-08T00:00:00,ALR,REGS,3.5397,3.6597,3.5357,3.6597,,21300,88594.4,34,
2011-04-11T00:00:00,ALR,REGS,3.5617,3.6597,3.5607,3.6097,,1700,7010.4,5,
2011-04-12T00:00:00,ALR,REGS,3.5647,3.5647,3.5597,3.5597,,4600,18871.1,8,
2011-04-13T00:00:00,ALR,REGS,3.5597,3.6297,3.5597,3.6297,,13200,54623,17,
2011-04-14T00:00:00,ALR,REGS,3.5097,3.6197,3.4907,3.6197,,11600,47795.6,28,
2011-04-15T00:00:00,ALR,REGS,3.5597,3.5597,3.4607,3.5497,,5500,22105.6,16,
2011-04-18T00:00:00,ALR,REGS,3.5497,3.5697,3.4597,3.4597,,18200,74201.4,24,
2011-04-19T00:00:00,ALR,REGS,3.4597,3.4597,3.4297,3.4307,,4500,17946.1,5,
2011-04-20T00:00:00,ALR,REGS,3.5397,3.5397,3.5397,3.5397,,3000,12240,2,
2011-04-21T00:00:00,ALR,REGS,3.4597,3.4797,3.4447,3.4797,,4300,17140.5,5,
2011-04-22T00:00:00,ALR,REGS,3.4347,3.4347,3.3697,3.3697,,800,3147.7,8,
2011-04-26T00:00:00,ALR,REGS,3.3897,3.3897,3.3897,3.3897,,500,1965,1,
2011-04-27T00:00:00,ALR,REGS,3.4697,3.4797,3.4597,3.4797,,9000,36045,4,
2011-04-28T00:00:00,ALR,REGS,3.4797,3.5397,3.4797,3.5297,,6700,27200,13,
2011-05-02T00:00:00,ALR,REGS,3.5447,3.5447,3.4397,3.4397,,6800,27282.5,11,
2011-05-03T00:00:00,ALR,REGS,3.3397,3.4097,3.3397,3.4097,,1200,4668,3,
2011-05-04T00:00:00,ALR,REGS,3.3597,3.4597,3.3597,3.4597,,10000,39862,14,
2011-05-05T00:00:00,ALR,REGS,3.3897,3.3897,3.3797,3.3817,,1400,5494.7,8,
2011-05-06T00:00:00,ALR,REGS,3.3807,3.4097,3.3597,3.4097,,20300,79347.4,13,
2011-05-09T00:00:00,ALR,REGS,3.3697,3.4397,3.3647,3.3997,,6700,26376.7,10,
2011-05-10T00:00:00,ALR,REGS,3.3997,3.4397,3.3897,3.4397,,9100,36017.5,12,
2011-05-11T00:00:00,ALR,REGS,3.4397,3.4397,3.4397,3.4397,,1500,5970,1,
2011-05-12T00:00:00,ALR,REGS,3.3997,3.4397,3.3997,3.4397,,3100,12246.2,8,
2011-05-13T00:00:00,ALR,REGS,3.4397,3.5497,3.4097,3.5497,,22800,91479,18,
2011-05-16T00:00:00,ALR,REGS,3.5497,3.5597,3.4597,3.5097,,18200,74047.5,31,
2011-05-17T00:00:00,ALR,REGS,3.4747,3.5097,3.4587,3.4607,,27900,112247.8,17,
2011-05-18T00:00:00,ALR,REGS,3.5635,3.5735,3.5335,3.5335,,3000,11624,14,
2011-05-19T00:00:00,ALR,REGS,3.5835,3.6835,3.5735,3.5735,,28400,112646,24,
2011-05-20T00:00:00,ALR,REGS,3.6235,3.7835,3.6235,3.6485,,36500,146475,47,
2011-05-23T00:00:00,ALR,REGS,3.6485,3.6825,3.5885,3.5885,,13800,54820.5,17,
2011-05-24T00:00:00,ALR,REGS,3.6625,3.6635,3.5835,3.6335,,3100,12225.8,15,
2011-05-25T00:00:00,ALR,REGS,3.6335,3.6335,3.5335,3.5335,,10600,41265,18,
2011-05-26T00:00:00,ALR,REGS,3.5335,3.5335,3.4335,3.4835,,7000,26522.3,29,
2011-05-27T00:00:00,ALR,REGS,3.4535,3.5325,3.3345,3.4365,,6300,23295.8,17,
2011-05-30T00:00:00,ALR,REGS,3.4385,3.5335,3.4385,3.5235,,3000,11505.3,10,
2011-05-31T00:00:00,ALR,REGS,3.5335,3.6535,3.5335,3.6535,,16500,65157.5,20,
2011-06-01T00:00:00,ALR,REGS,3.6585,3.8335,3.6135,3.6835,,44400,178078.1,61,
2011-06-02T00:00:00,ALR,REGS,3.6635,3.6635,3.5635,3.5635,,3300,12939,12,
2011-06-06T00:00:00,ALR,REGS,3.5035,3.5335,3.5035,3.5335,,1200,4602,3,
2011-06-07T00:00:00,ALR,REGS,3.5335,3.5335,3.5335,3.5335,,7900,30415,10,
2011-06-08T00:00:00,ALR,REGS,3.5035,3.5735,3.5005,3.5005,,5400,20750.8,6,
2011-06-09T00:00:00,ALR,REGS,3.5835,3.5935,3.5135,3.5235,,30300,118429,14,
2011-06-10T00:00:00,ALR,REGS,3.5235,3.5235,3.4835,3.4835,,5200,19836,11,
2011-06-14T00:00:00,ALR,REGS,3.4835,3.6635,3.4835,3.4835,,4900,18927,10,
2011-06-15T00:00:00,ALR,REGS,3.4835,3.5635,3.4835,3.5635,,400,1536,3,
2011-06-16T00:00:00,ALR,REGS,3.4835,3.5835,3.4835,3.5835,,13500,52550,3,
2011-06-17T00:00:00,ALR,REGS,3.4835,3.4835,3.4835,3.4835,,600,2280,3,
2011-06-20T00:00:00,ALR,REGS,3.4935,3.5835,3.4835,3.5735,,12300,47539,8,
2011-06-21T00:00:00,ALR,REGS,3.4835,3.5335,3.4535,3.4535,,914400,3474731,5,
2011-06-22T00:00:00,ALR,REGS,3.4535,3.5135,3.4375,3.5135,,5900,22393.7,16,
2011-06-23T00:00:00,ALR,REGS,3.4195,3.4205,3.4195,3.4205,,2300,8593.6,4,
2011-06-24T00:00:00,ALR,REGS,3.4205,3.4235,3.4195,3.4195,,400,1494.9,4,
2011-06-27T00:00:00,ALR,REGS,3.4185,3.4835,3.3345,3.4835,,917300,3485485.4,12,
2011-06-28T00:00:00,ALR,REGS,3.3345,3.3835,3.3335,3.3835,,1400,5155.1,5,
2011-06-29T00:00:00,ALR,REGS,3.3835,3.4835,3.3835,3.4835,,700,2620,2,
2011-06-30T00:00:00,ALR,REGS,3.3825,3.4535,3.3815,3.4535,,1600,5925,4,
2011-07-01T00:00:00,ALR,REGS,3.4135,3.4535,3.3875,3.4535,,3000,11257,3,
2011-07-04T00:00:00,ALR,REGS,3.4535,3.4535,3.4335,3.4335,,200,752,2,
2011-07-05T00:00:00,ALR,REGS,3.4235,3.4535,3.4055,3.4055,,3000,11225.6,11,
2011-07-06T00:00:00,ALR,REGS,3.3935,3.3935,3.3835,3.3845,,1700,6291.8,8,
2011-07-07T00:00:00,ALR,REGS,3.3835,3.3835,3.3835,3.3835,,800,2960,7,
2011-07-08T00:00:00,ALR,REGS,3.3835,3.4335,3.3835,3.4335,,400,1485,2,
2011-07-11T00:00:00,ALR,REGS,3.3835,3.3835,3.3835,3.3835,,400,1480,1,
2011-07-12T00:00:00,ALR,REGS,3.3775,3.3775,3.3335,3.3535,,1800,6604.4,8,
2011-07-13T00:00:00,ALR,REGS,3.2845,3.3835,3.2845,3.3835,,1100,4040.3,4,
2011-07-14T00:00:00,ALR,REGS,3.3035,3.4335,3.3035,3.4335,,11700,43857,5,
2011-07-18T00:00:00,ALR,REGS,3.2835,3.2835,3.2835,3.2835,,400,1440,4,
2011-07-19T00:00:00,ALR,REGS,3.3835,3.3835,3.3835,3.3835,,1000,3700,2,
2011-07-20T00:00:00,ALR,REGS,3.3335,3.3835,3.2835,3.2835,,4100,14790,9,
2011-07-22T00:00:00,ALR,REGS,3.3835,3.4035,3.3835,3.4035,,1500,5567,4,
2011-07-25T00:00:00,ALR,REGS,3.3035,3.3035,3.3035,3.3035,,900,3258,3,
2011-07-26T00:00:00,ALR,REGS,3.3035,3.4035,3.3035,3.4035,,400,1478,3,
2011-07-27T00:00:00,ALR,REGS,3.3035,3.3035,3.2835,3.2835,,3400,12264.2,9,
2011-07-28T00:00:00,ALR,REGS,3.2835,3.2835,3.2835,3.2835,,2000,7200,2,
2011-07-29T00:00:00,ALR,REGS,3.3035,3.3035,3.3035,3.3035,,800,2896,1,
2011-08-01T00:00:00,ALR,REGS,3.3335,3.5835,3.2695,3.5785,,8100,30996.1,16,
2011-08-02T00:00:00,ALR,REGS,3.5735,3.6135,3.5635,3.5635,,8000,31360,8,
2011-08-03T00:00:00,ALR,REGS,3.3185,3.5735,3.3135,3.5735,,18000,69737.8,29,
2011-08-04T00:00:00,ALR,REGS,3.3835,3.5635,3.3835,3.5635,,800,3082.5,4,
2011-08-05T00:00:00,ALR,REGS,3.3535,3.6105,3.2845,3.5685,,47100,170854.6,40,
2011-08-08T00:00:00,ALR,REGS,3.3335,3.3335,3.2335,3.3235,,667300,2431905.5,31,
2011-08-09T00:00:00,ALR,REGS,3.1445,3.1835,2.7935,3.1335,,130900,437637.2,65,
2011-08-10T00:00:00,ALR,REGS,3.2835,3.4835,3.2435,3.2935,,3800,13719,14,
2011-08-12T00:00:00,ALR,REGS,3.4835,3.5635,3.4835,3.4835,,12500,47531.9,7,
2011-08-16T00:00:00,ALR,REGS,3.4935,3.4935,3.3835,3.3835,,900,3385,5,
2011-08-17T00:00:00,ALR,REGS,3.4635,3.5035,3.4635,3.5035,,8400,31940,7,
2011-08-18T00:00:00,ALR,REGS,3.4835,3.4835,3.3835,3.3835,,1100,4144,6,
2011-08-19T00:00:00,ALR,REGS,3.3035,3.3835,3.2435,3.2845,,125600,454650.6,22,
2011-08-22T00:00:00,ALR,REGS,3.4835,3.4835,3.4835,3.4835,,100,380,1,
2011-08-23T00:00:00,ALR,REGS,3.4335,3.4835,3.4335,3.4835,,700,2640,4,
2011-08-24T00:00:00,ALR,REGS,3.3835,3.3835,3.3835,3.3835,,10100,37370,9,
2011-08-25T00:00:00,ALR,REGS,3.4735,3.4735,3.4635,3.4635,,400,1515,2,
2011-08-26T00:00:00,ALR,REGS,3.3935,3.4735,3.3835,3.3835,,17800,65893.5,30,
2011-08-29T00:00:00,ALR,REGS,3.4135,3.4135,3.3835,3.3835,,3500,13023,9,
2011-08-30T00:00:00,ALR,REGS,3.4135,3.4135,3.3835,3.3835,,1100,4100,2,
2011-08-31T00:00:00,ALR,REGS,3.3835,3.4635,3.3835,3.4635,,45400,168020,10,
2011-09-01T00:00:00,ALR,REGS,3.4535,3.4535,3.4535,3.4535,,1000,3770,2,
2011-09-02T00:00:00,ALR,REGS,3.3335,3.3835,3.3335,3.3835,,6300,23060,4,
2011-09-05T00:00:00,ALR,REGS,3.3835,3.3835,3.2855,3.3335,,2900,10596.6,12,
2011-09-06T00:00:00,ALR,REGS,3.3335,3.3335,3.3335,3.3335,,93800,342370,17,
2011-09-07T00:00:00,ALR,REGS,3.3935,3.3935,3.3935,3.3935,,100,371,1,
2011-09-08T00:00:00,ALR,REGS,3.3835,3.4835,3.3835,3.4835,,39500,147928,17,
2011-09-09T00:00:00,ALR,REGS,3.4035,3.4035,3.4035,3.4035,,500,1860,1,
2011-09-12T00:00:00,ALR,REGS,3.3435,3.4035,3.3335,3.4035,,2700,9917.2,11,
2011-09-13T00:00:00,ALR,REGS,3.3445,3.4835,3.3435,3.3845,,8200,30971.2,21,
2011-09-14T00:00:00,ALR,REGS,3.4735,3.4885,3.4735,3.4835,,25900,98380.5,13,
2011-09-15T00:00:00,ALR,REGS,3.4835,3.4835,3.4835,3.4835,,200,760,1,
2011-09-16T00:00:00,ALR,REGS,3.3565,3.4835,3.3565,3.4035,,1700,6359.4,7,
2011-09-19T00:00:00,ALR,REGS,3.4725,3.5035,3.4725,3.4835,,12800,48641,18,
2011-09-20T00:00:00,ALR,REGS,3.5285,3.5285,3.5285,3.5285,,100,384.5,1,
2011-09-21T00:00:00,ALR,REGS,3.4055,3.6085,3.4055,3.6085,,3600,13950.3,12,
2011-09-26T00:00:00,ALR,REGS,3.4435,3.4435,3.4435,3.4435,,300,1128,2,
2011-09-27T00:00:00,ALR,REGS,3.4035,3.5635,3.4035,3.4085,,1800,6805.2,8,
2011-09-29T00:00:00,ALR,REGS,3.4065,3.4065,3.4055,3.4055,,700,2605.9,3,
2011-09-30T00:00:00,ALR,REGS,3.4135,3.4135,3.4135,3.4135,,6900,25737,7,
2011-10-03T00:00:00,ALR,REGS,3.4065,3.4065,3.3835,3.3835,,3400,12625.1,10,
2011-10-04T00:00:00,ALR,REGS,3.3835,3.3835,3.3835,3.3835,,400,1480,3,
2011-10-05T00:00:00,ALR,REGS,3.3345,3.3345,3.3335,3.3335,,800,2920.5,3,
2011-10-06T00:00:00,ALR,REGS,3.3355,3.5835,3.3345,3.5835,,4200,16139.5,13,
2011-10-07T00:00:00,ALR,REGS,3.4835,3.5735,3.4835,3.5735,,6800,25866,4,
2011-10-10T00:00:00,ALR,REGS,3.5735,3.5735,3.4835,3.4835,,5600,21316,14,
2011-10-13T00:00:00,ALR,REGS,3.4435,3.4835,3.4435,3.4835,,2000,7584,3,
2011-10-14T00:00:00,ALR,REGS,3.4835,3.4835,3.4835,3.4835,,3000,11400,4,
2011-10-17T00:00:00,ALR,REGS,3.4535,3.4835,3.3835,3.4835,,11600,43475,9,
2011-10-18T00:00:00,ALR,REGS,3.3835,3.3835,3.3345,3.3345,,1400,5131,5,
2011-10-19T00:00:00,ALR,REGS,3.3435,3.3435,3.3435,3.3435,,2400,8784,3,
2011-10-20T00:00:00,ALR,REGS,3.3335,3.3335,3.3335,3.3335,,200,730,2,
2011-10-24T00:00:00,ALR,REGS,3.3335,3.3345,3.3335,3.3335,,900,3285.1,6,
2011-10-25T00:00:00,ALR,REGS,3.3635,3.3635,3.3635,3.3635,,200,736,1,
2011-10-27T00:00:00,ALR,REGS,3.4335,3.4335,3.3835,3.3835,,300,1115,3,
2011-10-28T00:00:00,ALR,REGS,3.4035,3.4035,3.4035,3.4035,,100,372,1,
2011-10-31T00:00:00,ALR,REGS,3.3835,3.3835,3.3135,3.3135,,2800,10281.3,12,
2011-11-02T00:00:00,ALR,REGS,3.3035,3.3035,3.2935,3.2935,,400,1445.1,3,
2011-11-03T00:00:00,ALR,REGS,3.2935,3.2935,3.2835,3.2835,,1400,5042.6,4,
2011-11-07T00:00:00,ALR,REGS,3.2865,3.2925,3.2865,3.2915,,400,1442.8,3,
2011-11-08T00:00:00,ALR,REGS,3.2935,3.3035,3.2935,3.2935,,600,2168.2,5,
2011-11-09T00:00:00,ALR,REGS,3.2945,3.2945,3.2835,3.2835,,3000,10803.1,9,
2011-11-10T00:00:00,ALR,REGS,3.2835,3.2835,3.2735,3.2735,,200,719,2,
2011-11-11T00:00:00,ALR,REGS,3.2735,3.2735,3.2125,3.2125,,1100,3908.5,6,
2011-11-14T00:00:00,ALR,REGS,3.1985,3.1985,3.1635,3.1635,,4400,15385.1,18,
2011-11-15T00:00:00,ALR,REGS,3.1835,3.1835,3.1435,3.1835,,6900,24122.6,16,
2011-11-16T00:00:00,ALR,REGS,3.1835,3.1835,3.0835,3.1825,,13000,44739.9,33,
2011-11-17T00:00:00,ALR,REGS,3.1835,3.1835,3.1135,3.1135,,4200,14482.7,4,
2011-11-18T00:00:00,ALR,REGS,3.1135,3.1135,3.1135,3.1135,,1000,3430,1,
2011-11-21T00:00:00,ALR,REGS,3.1835,3.1835,3.1335,3.1335,,1000,3461,4,
2011-11-22T00:00:00,ALR,REGS,3.0835,3.0835,3.0835,3.0835,,1000,3400,1,
2011-11-23T00:00:00,ALR,REGS,3.0355,3.0355,3.0335,3.0335,,800,2680.5,4,
2011-11-24T00:00:00,ALR,REGS,3.0385,3.0385,3.0385,3.0385,,100,335.5,1,
2011-11-25T00:00:00,ALR,REGS,3.0035,3.0035,2.6835,2.9835,,2800,8856.1,8,
2011-11-28T00:00:00,ALR,REGS,2.9835,2.9835,2.9835,2.9835,,200,660,2,
2011-11-29T00:00:00,ALR,REGS,2.7845,2.9835,2.7835,2.9835,,2100,6530.6,8,
2011-11-30T00:00:00,ALR,REGS,2.9835,2.9835,2.9835,2.9835,,100,330,1,
2011-12-02T00:00:00,ALR,REGS,2.8835,2.9735,2.8035,2.9735,,2600,8269,9,
2011-12-05T00:00:00,ALR,REGS,2.9735,2.9835,2.9335,2.9835,,8200,26951,11,
2011-12-06T00:00:00,ALR,REGS,2.9835,2.9835,2.8835,2.8835,,2100,6810,10,
2011-12-07T00:00:00,ALR,REGS,2.8835,2.9735,2.8835,2.9735,,200,649,2,
2011-12-08T00:00:00,ALR,REGS,2.9345,2.9345,2.9335,2.9335,,1200,3900.1,4,
2011-12-09T00:00:00,ALR,REGS,2.9035,2.9735,2.8085,2.9735,,5000,15965.5,10,
2011-12-12T00:00:00,ALR,REGS,2.8585,2.9235,2.8585,2.9235,,500,1594,3,
2011-12-15T00:00:00,ALR,REGS,2.9635,2.9735,2.9635,2.9735,,2300,7566,2,
2011-12-16T00:00:00,ALR,REGS,2.8735,2.9735,2.8635,2.9735,,500,1614,4,
2011-12-19T00:00:00,ALR,REGS,2.8595,2.9335,2.8595,2.8835,,900,2882.6,4,
2011-12-20T00:00:00,ALR,REGS,2.8695,2.8695,2.8685,2.8685,,2000,6371.9,2,
2011-12-21T00:00:00,ALR,REGS,2.8545,2.8545,2.8545,2.8545,,100,317.1,1,
2011-12-22T00:00:00,ALR,REGS,2.9535,2.9535,2.9535,2.9535,,100,327,1,
2011-12-23T00:00:00,ALR,REGS,2.9635,2.9735,2.9635,2.9635,,400,1313,4,
2011-12-27T00:00:00,ALR,REGS,2.9635,2.9635,2.9635,2.9635,,700,2296,3,
2011-12-29T00:00:00,ALR,REGS,2.9635,2.9635,2.9335,2.9335,,2100,6855,6,
2012-01-04T00:00:00,ALR,REGS,2.9635,2.9635,2.9635,2.9635,,1400,4592,5,
2012-01-06T00:00:00,ALR,REGS,2.9835,2.9835,2.9535,2.9535,,200,657,2,
2012-01-09T00:00:00,ALR,REGS,2.9555,2.9555,2.8335,2.8335,,5000,15924.2,20,
2012-01-10T00:00:00,ALR,REGS,2.8335,2.8335,2.7835,2.7835,,9300,28958.5,21,
2012-01-11T00:00:00,ALR,REGS,2.7085,2.7085,2.5835,2.6635,,18600,54583.7,37,
2012-01-12T00:00:00,ALR,REGS,2.6735,2.7835,2.6735,2.7835,3.021,1400,0,,
2012-01-16T00:00:00,ALR,REGS,2.7435,2.7435,2.6835,2.6835,,1300,3925,7,
2012-01-17T00:00:00,ALR,REGS,2.6835,2.8335,2.6835,2.8335,,1400,4315,4,
2012-01-19T00:00:00,ALR,REGS,2.6935,2.8335,2.6835,2.8335,,1000,3076,5,
2012-01-20T00:00:00,ALR,REGS,2.7835,2.8335,2.7835,2.7835,,900,2815,7,
2012-01-23T00:00:00,ALR,REGS,2.7835,2.7835,2.7835,2.7835,,40100,124310,3,
2012-01-24T00:00:00,ALR,REGS,2.7835,2.7835,2.7835,2.7835,,100,310,1,
2012-01-25T00:00:00,ALR,REGS,2.8335,2.8335,2.7835,2.8335,,20500,63575,3,
2012-01-26T00:00:00,ALR,REGS,2.7835,2.8835,2.7835,2.8835,,9500,30326,11,
2012-01-27T00:00:00,ALR,REGS,2.9135,2.9335,2.8835,2.9335,3.233,400,643,2,
2012-01-30T00:00:00,ALR,REGS,2.9335,3.0735,2.9335,2.9535,,22400,73444.5,9,
2012-01-31T00:00:00,ALR,REGS,3.0735,3.0735,2.9535,2.9635,,24100,79088.1,19,
2012-02-01T00:00:00,ALR,REGS,2.9735,3.0135,2.9735,2.9935,,900,2973,3,
2012-02-02T00:00:00,ALR,REGS,2.9835,2.9835,2.9335,2.9835,,6000,19696.5,13,
2012-02-03T00:00:00,ALR,REGS,2.9835,3.0185,2.9835,3.0185,,800,2643.5,4,
2012-02-06T00:00:00,ALR,REGS,2.9935,2.9935,2.9035,2.9035,,1200,3953.1,4,
2012-02-07T00:00:00,ALR,REGS,2.9085,2.9085,2.9085,2.9085,,200,645,2,
2012-02-08T00:00:00,ALR,REGS,2.9145,2.9145,2.9035,2.9105,,3000,9682.4,7,
2012-02-09T00:00:00,ALR,REGS,2.9835,2.9835,2.9835,2.9835,,500,1650,1,
2012-02-13T00:00:00,ALR,REGS,2.9835,2.9835,2.9835,2.9835,,1000,3300,4,
2012-02-14T00:00:00,ALR,REGS,2.9835,2.9835,2.9835,2.9835,,500,1650,1,
2012-02-15T00:00:00,ALR,REGS,2.8855,2.8855,2.8835,2.8835,,1000,3200.3,5,
2012-02-16T00:00:00,ALR,REGS,2.8835,2.8835,2.7835,2.7865,,3000,9501.5,5,
2012-02-20T00:00:00,ALR,REGS,2.8105,2.8135,2.8105,2.8135,,300,938.7,2,
2012-02-22T00:00:00,ALR,REGS,2.8095,2.8095,2.6995,2.7335,,5900,17958.8,22,
2012-02-23T00:00:00,ALR,REGS,2.7435,2.7435,2.7045,2.7335,,11700,35506,31,
2012-02-24T00:00:00,ALR,REGS,2.7435,2.8135,2.7435,2.7435,,28400,86911.2,45,
2012-02-27T00:00:00,ALR,REGS,2.7285,2.7435,2.7245,2.7435,,3400,10392.6,6,
2012-02-28T00:00:00,ALR,REGS,2.7435,2.7435,2.7035,2.7045,,3100,9390,14,
2012-02-29T00:00:00,ALR,REGS,2.7435,2.7435,2.7035,2.7185,,14200,43167.5,22,
2012-03-02T00:00:00,ALR,REGS,2.7535,2.7535,2.7195,2.7195,,1100,3345.8,5,
2012-03-05T00:00:00,ALR,REGS,2.7175,2.7175,2.6995,2.7005,,800,2419.1,5,
2012-03-06T00:00:00,ALR,REGS,2.7135,2.7135,2.7015,2.7015,,500,1511.6,4,
2012-03-07T00:00:00,ALR,REGS,2.6855,2.6935,2.6835,2.6835,,5000,15014.4,17,
2012-03-08T00:00:00,ALR,REGS,2.6845,2.6845,2.6835,2.6835,,1800,5400.1,6,
2012-03-09T00:00:00,ALR,REGS,2.7625,2.7715,2.7625,2.7635,,600,1849.4,4,
2012-03-12T00:00:00,ALR,REGS,2.6835,2.7605,2.6545,2.6545,,900,2693.4,6,
2012-03-13T00:00:00,ALR,REGS,2.6555,2.6555,2.6535,2.6535,,3400,10098.3,5,
2012-03-14T00:00:00,ALR,REGS,2.6835,2.6835,2.6835,2.6835,,100,300,1,
2012-03-16T00:00:00,ALR,REGS,2.6045,2.6045,2.4835,2.5335,,12700,36216.2,35,
2012-03-19T00:00:00,ALR,REGS,2.4885,2.4885,2.4385,2.4835,,3700,10243.5,18,
2012-03-20T00:00:00,ALR,REGS,2.4835,2.4835,2.4435,2.4435,,700,1948,3,
2012-03-21T00:00:00,ALR,REGS,2.4355,2.6325,2.4245,2.6325,,2200,6188.2,,
2012-03-22T00:00:00,ALR,REGS,2.4065,2.5835,2.4065,2.5835,,600,1651.5,,
2012-03-26T00:00:00,ALR,REGS,2.5835,2.5845,2.4835,2.4835,,2200,6350.2,,
2012-03-27T00:00:00,ALR,REGS,2.5835,2.5835,2.5835,2.5835,,100,290,1,
2012-03-29T00:00:00,ALR,REGS,2.5035,2.5035,2.5035,2.5035,,300,846,2,
2012-03-30T00:00:00,ALR,REGS,2.5335,2.6315,2.4835,2.6315,,5600,15787.8,11,
2012-04-04T00:00:00,ALR,REGS,2.6035,2.6035,2.4935,2.5335,,4300,12233.5,11,
2012-04-05T00:00:00,ALR,REGS,2.5335,2.5335,2.5335,2.5335,,1700,4845,5,
2012-04-06T00:00:00,ALR,REGS,2.5335,2.5835,2.5335,2.5835,,1300,3720,4,
2012-04-10T00:00:00,ALR,REGS,2.5335,2.5335,2.5335,2.5335,,400,1140,3,
2012-04-11T00:00:00,ALR,REGS,2.5335,2.5335,2.4445,2.4835,,1600,4482.2,7,
2012-04-12T00:00:00,ALR,REGS,2.4835,2.4835,2.4835,2.4835,,400,1120,1,
2012-04-13T00:00:00,ALR,REGS,2.5835,2.5835,2.5835,2.5835,,100,290,1,
2012-04-18T00:00:00,ALR,REGS,2.4835,2.4835,2.4835,2.4835,,100,280,1,
2012-04-20T00:00:00,ALR,REGS,2.5035,2.5035,2.5035,2.5035,,300,846,1,
2012-04-24T00:00:00,ALR,REGS,2.4935,2.4935,2.4835,2.4835,,200,561,2,
2012-04-25T00:00:00,ALR,REGS,2.4835,2.4835,2.4335,2.4335,,4100,11346.8,13,
2012-04-26T00:00:00,ALR,REGS,2.4835,2.4835,2.4635,2.4635,,300,836,2,
2012-04-30T00:00:00,ALR,REGS,2.4635,2.5735,2.4635,2.5735,,2300,6451,5,
2012-05-02T00:00:00,ALR,REGS,2.4835,2.6135,2.4835,2.6135,,5100,14772.3,7,
2012-05-03T00:00:00,ALR,REGS,2.6135,2.6205,2.5535,2.6205,,400,1166.7,3,
2012-05-04T00:00:00,ALR,REGS,2.6225,2.6285,2.6225,2.6285,,1900,5586.8,4,
2012-05-07T00:00:00,ALR,REGS,2.5735,2.6315,2.5635,2.6315,,6900,20026,17,
2012-05-08T00:00:00,ALR,REGS,2.6235,2.6335,2.5835,2.6335,,7200,21076.4,9,
2012-05-09T00:00:00,ALR,REGS,2.6435,2.6435,2.5835,2.5835,,3900,11476,6,
2012-05-10T00:00:00,ALR,REGS,2.5335,2.5835,2.4845,2.5835,,2600,7430.8,11,
2012-05-11T00:00:00,ALR,REGS,2.729,2.729,2.62,2.65,,2700,7211.3,13,
2012-05-14T00:00:00,ALR,REGS,2.65,2.65,2.4,2.5,,6500,16347.3,20,
2012-05-15T00:00:00,ALR,REGS,2.5,2.5,2.4,2.4,,1500,3662,11,
2012-05-16T00:00:00,ALR,REGS,2.4,2.49,2.32,2.38,,2100,4963,7,
2012-05-17T00:00:00,ALR,REGS,2.39,2.4,2.333,2.4,,1400,3352.2,5,
2012-05-18T00:00:00,ALR,REGS,2.34,2.46,2.34,2.36,,1100,2612,4,
2012-05-21T00:00:00,ALR,REGS,2.35,2.35,2.301,2.301,,500,1158.4,4,
2012-05-22T00:00:00,ALR,REGS,2.35,2.35,2.2,2.298,,6800,15238.2,16,
2012-05-23T00:00:00,ALR,REGS,2.205,2.3,2.2,2.3,,400,900.5,3,
2012-05-24T00:00:00,ALR,REGS,2.299,2.299,2.295,2.295,,300,689.2,3,
2012-05-25T00:00:00,ALR,REGS,2.3,2.3,2.299,2.3,,3900,8969.9,8,
2012-05-28T00:00:00,ALR,REGS,2.34,2.34,2.34,2.34,,100,234,1,
2012-05-29T00:00:00,ALR,REGS,2.29,2.3,2.29,2.3,,1600,3676,6,
2012-05-30T00:00:00,ALR,REGS,2.22,2.22,2.211,2.211,,2200,4869.1,4,
2012-05-31T00:00:00,ALR,REGS,2.22,2.285,2.2,2.27,,3000,6649.9,13,
2012-06-01T00:00:00,ALR,REGS,2.2,2.269,2.2,2.269,,300,666.9,2,
2012-06-05T00:00:00,ALR,REGS,2.21,2.249,2.2,2.249,,500,1105.9,5,
2012-06-06T00:00:00,ALR,REGS,2.2,2.249,2.2,2.249,,500,1109.8,3,
2012-06-07T00:00:00,ALR,REGS,2.25,2.269,2.25,2.269,,300,676.9,2,
2012-06-08T00:00:00,ALR,REGS,2.25,2.25,2.25,2.25,,1400,3150,5,
2012-06-11T00:00:00,ALR,REGS,2.21,2.21,2.21,2.21,,100,221,1,
2012-06-18T00:00:00,ALR,REGS,2.22,2.22,2.2,2.2,,1500,3323,7,
2012-06-19T00:00:00,ALR,REGS,2.157,2.18,2.156,2.18,,800,1728.5,5,
2012-06-20T00:00:00,ALR,REGS,2.156,2.156,2.155,2.155,,200,431.1,2,
2012-06-21T00:00:00,ALR,REGS,2.15,2.15,2.15,2.15,,1100,2365,2,
2012-06-25T00:00:00,ALR,REGS,2.2,2.22,2.18,2.22,,20500,45108,11,
2012-06-27T00:00:00,ALR,REGS,2.2,2.2,2.199,2.199,,3300,7259.7,3,
2012-06-28T00:00:00,ALR,REGS,2.199,2.2,2.199,2.199,,10500,23095.8,4,
2012-06-29T00:00:00,ALR,REGS,2.199,2.2,2.16,2.2,,3300,7234.4,11,
2012-07-02T00:00:00,ALR,REGS,2.2,2.239,2.2,2.239,,900,1984.9,4,
2012-07-03T00:00:00,ALR,REGS,2.22,2.24,2.22,2.24,,1500,3338,3,
2012-07-04T00:00:00,ALR,REGS,2.247,2.247,2.18,2.21,,5100,11218.7,6,
2012-07-05T00:00:00,ALR,REGS,2.239,2.319,2.21,2.21,,8100,18208.7,22,
2012-07-06T00:00:00,ALR,REGS,2.3,2.3,2.22,2.23,,2300,5208,7,
2012-07-09T00:00:00,ALR,REGS,2.316,2.316,2.201,2.201,,600,1332.2,5,
2012-07-10T00:00:00,ALR,REGS,2.23,2.24,2.23,2.24,,1100,2456,2,
2012-07-11T00:00:00,ALR,REGS,2.203,2.203,2.203,2.203,,100,220.3,1,
2012-07-13T00:00:00,ALR,REGS,2.315,2.315,2.201,2.201,,1100,2432.5,6,
2012-07-16T00:00:00,ALR,REGS,2.211,2.211,2.211,2.211,,400,884.4,1,
2012-07-17T00:00:00,ALR,REGS,2.204,2.204,2.203,2.203,2.203,400,0,,
2012-07-18T00:00:00,ALR,REGS,2.202,2.202,2.2,2.2,,20000,44001.1,4,
2012-07-19T00:00:00,ALR,REGS,2.201,2.201,2.18,2.18,,7300,16028.1,15,
2012-07-20T00:00:00,ALR,REGS,2.18,2.2,2.12,2.19,,4800,10411.3,15,
2012-07-23T00:00:00,ALR,REGS,2.19,2.195,2.19,2.195,,300,658,2,
2012-07-24T00:00:00,ALR,REGS,2.2,2.2,2.14,2.2,,4500,9657.5,9,
2012-07-25T00:00:00,ALR,REGS,2.16,2.2,2.15,2.2,,4600,9906.1,9,
2012-07-26T00:00:00,ALR,REGS,2.16,2.17,2.15,2.15,,2400,5179.5,9,
2012-07-30T00:00:00,ALR,REGS,2.15,2.15,2.15,2.15,,7800,16770,3,
2012-07-31T00:00:00,ALR,REGS,2.15,2.15,2.15,2.15,,1700,3655,2,
2012-08-03T00:00:00,ALR,REGS,2.14,2.14,2.11,2.11,,1400,2962,7,
2012-08-06T00:00:00,ALR,REGS,2.11,2.149,2.11,2.149,,18000,37987.3,14,
2012-08-07T00:00:00,ALR,REGS,2.201,2.23,2.13,2.13,,800,1731.1,4,
2012-08-08T00:00:00,ALR,REGS,2.136,2.136,2.135,2.135,,200,427.1,2,
2012-08-13T00:00:00,ALR,REGS,2.201,2.24,2.201,2.24,,11600,25723,8,
2012-08-16T00:00:00,ALR,REGS,2.244,2.316,2.244,2.31,,4100,9305.7,16,
2012-08-17T00:00:00,ALR,REGS,2.316,2.55,2.316,2.55,,14700,35602.1,40,
2012-08-20T00:00:00,ALR,REGS,2.6,2.71,2.55,2.71,,2400,6282,10,
2012-08-21T00:00:00,ALR,REGS,2.71,2.729,2.62,2.62,2.651,4600,0,,
2012-08-22T00:00:00,ALR,REGS,2.62,2.68,2.51,2.61,,5100,13277,19,
2012-08-23T00:00:00,ALR,REGS,2.7,2.7,2.7,2.7,,100,270,1,
2012-08-24T00:00:00,ALR,REGS,2.7,2.7,2.6,2.6,,1100,2870,2,
2012-08-27T00:00:00,ALR,REGS,2.6,2.6,2.512,2.516,,2900,7325.2,13,
2012-08-29T00:00:00,ALR,REGS,2.512,2.52,2.512,2.512,,700,1762.4,3,
2012-08-30T00:00:00,ALR,REGS,2.512,2.57,2.511,2.511,,1400,3531.6,5,
2012-08-31T00:00:00,ALR,REGS,2.511,2.511,2.425,2.425,,9000,22183.7,20,
2012-09-03T00:00:00,ALR,REGS,2.4,2.4,2.325,2.325,,1800,4268.5,10,
2012-09-04T00:00:00,ALR,REGS,2.322,2.322,2.211,2.231,,2400,5507.6,10,
2012-09-05T00:00:00,ALR,REGS,2.23,2.23,2.2,2.2,,3600,7939.1,10,
2012-09-06T00:00:00,ALR,REGS,2.2,2.49,2.2,2.24,,6600,16174.4,14,
2012-09-07T00:00:00,ALR,REGS,2.44,2.44,2.253,2.42,,1800,4321.1,9,
2012-09-10T00:00:00,ALR,REGS,2.411,2.411,2.411,2.411,,500,1205.5,1,
2012-09-11T00:00:00,ALR,REGS,2.259,2.399,2.259,2.36,,1200,2825.8,7,
2012-09-12T00:00:00,ALR,REGS,2.36,2.36,2.35,2.35,,2100,4941.5,4,
2012-09-13T00:00:00,ALR,REGS,2.33,2.33,2.264,2.29,,2900,6584.7,10,
2012-09-14T00:00:00,ALR,REGS,2.29,2.3,2.29,2.3,,11100,25499,12,
2012-09-17T00:00:00,ALR,REGS,2.27,2.27,2.25,2.25,,10900,24533,3,
2012-09-18T00:00:00,ALR,REGS,2.29,2.29,2.28,2.28,,400,913,4,
2012-09-19T00:00:00,ALR,REGS,2.25,2.25,2.25,2.25,,10700,24075,16,
2012-09-20T00:00:00,ALR,REGS,2.25,2.25,2.25,2.25,,6000,13500,5,
2012-09-24T00:00:00,ALR,REGS,2.24,2.25,2.24,2.242,,1100,2470.1,6,
2012-09-25T00:00:00,ALR,REGS,2.28,2.304,2.28,2.304,,300,688.8,2,
2012-09-27T00:00:00,ALR,REGS,2.243,2.243,2.24,2.24,,2700,6051.1,7,
2012-10-01T00:00:00,ALR,REGS,2.24,2.24,2.235,2.235,,2000,4472.6,8,
2012-10-02T00:00:00,ALR,REGS,2.236,2.236,2.236,2.236,,3600,8049.6,8,
2012-10-03T00:00:00,ALR,REGS,2.236,2.236,2.232,2.236,,10800,24148.4,12,
2012-10-09T00:00:00,ALR,REGS,2.26,2.26,2.232,2.232,,300,674.2,3,
2012-10-10T00:00:00,ALR,REGS,2.232,2.232,2.22,2.22,,54100,120111.2,17,
2012-10-11T00:00:00,ALR,REGS,2.22,2.22,2.22,2.22,,7500,16650,4,
2012-10-12T00:00:00,ALR,REGS,2.213,2.22,2.2,2.213,,7300,16144,11,
2012-10-15T00:00:00,ALR,REGS,2.21,2.22,2.2,2.2,,4300,9465,9,
2012-10-16T00:00:00,ALR,REGS,2.2,2.2,2.19,2.2,,11000,24195,5,
2012-10-17T00:00:00,ALR,REGS,2.2,2.2,2.17,2.17,,24700,53922,15,
2012-10-18T00:00:00,ALR,REGS,2.17,2.17,2.16,2.16,,1100,2382,4,
2012-10-19T00:00:00,ALR,REGS,2.165,2.165,2.16,2.16,,4500,9733,3,
2012-10-22T00:00:00,ALR,REGS,2.16,2.16,2.005,2.005,,6200,13048.9,14,
2012-10-23T00:00:00,ALR,REGS,2.06,2.1,2,2,,6200,12507.6,20,
2012-10-24T00:00:00,ALR,REGS,2.04,2.04,1.92,1.92,,3400,6569.3,15,
2012-10-25T00:00:00,ALR,REGS,1.95,1.95,1.915,1.915,,4100,7893.5,6,
2012-10-26T00:00:00,ALR,REGS,1.906,1.906,1.855,1.855,1.873,9400,,,
2012-10-29T00:00:00,ALR,REGS,1.851,1.851,1.79,1.819,,11200,20350.7,15,
2012-10-30T00:00:00,ALR,REGS,1.81,1.82,1.81,1.82,,5100,9281,2,
2012-10-31T00:00:00,ALR,REGS,1.84,1.929,1.84,1.85,,19200,35534.7,15,
2012-11-01T00:00:00,ALR,REGS,1.812,1.812,1.8,1.81,,7000,12625.6,19,
2012-11-02T00:00:00,ALR,REGS,1.9,1.9,1.785,1.81,,1200,2171.6,7,
2012-11-05T00:00:00,ALR,REGS,1.908,1.908,1.735,1.75,,10800,19299.6,23,
2012-11-06T00:00:00,ALR,REGS,1.77,1.77,1.756,1.756,,5400,9490.9,7,
2012-11-07T00:00:00,ALR,REGS,1.756,1.756,1.735,1.735,,3100,5422.8,11,
2012-11-08T00:00:00,ALR,REGS,1.9,1.935,1.76,1.76,,14700,27299,19,
2012-11-09T00:00:00,ALR,REGS,1.9,1.95,1.77,1.77,,5400,10149,15,
2012-11-12T00:00:00,ALR,REGS,1.8,1.8,1.775,1.775,,200,357.5,2,
2012-11-13T00:00:00,ALR,REGS,1.776,1.776,1.702,1.775,,13100,22694.2,28,
2012-11-14T00:00:00,ALR,REGS,1.8,1.81,1.709,1.709,1.76,2200,,,
2012-11-15T00:00:00,ALR,REGS,1.8,1.8,1.8,1.8,,100,180,1,
2012-11-16T00:00:00,ALR,REGS,1.799,1.799,1.722,1.793,,1700,2959,14,
2012-11-20T00:00:00,ALR,REGS,1.75,1.75,1.74,1.74,,600,1049,4,
2012-11-21T00:00:00,ALR,REGS,1.76,1.799,1.76,1.799,,500,883.9,2,
2012-11-22T00:00:00,ALR,REGS,1.751,1.751,1.75,1.75,,20000,35000.3,12,
2012-11-23T00:00:00,ALR,REGS,1.81,1.89,1.755,1.755,,8000,15058.4,9,
2012-11-27T00:00:00,ALR,REGS,1.8,1.8,1.8,1.8,,100,180,1,
2012-11-29T00:00:00,ALR,REGS,1.8,1.8,1.8,1.8,,500,900,2,
2012-12-03T00:00:00,ALR,REGS,1.801,1.801,1.801,1.801,,100,180.1,1,
2012-12-04T00:00:00,ALR,REGS,1.87,1.87,1.75,1.75,,9000,16268.4,12,
2012-12-05T00:00:00,ALR,REGS,1.754,1.754,1.75,1.75,,7500,13131.2,22,
2012-12-06T00:00:00,ALR,REGS,1.78,1.819,1.77,1.77,,700,1247.9,4,
2012-12-07T00:00:00,ALR,REGS,1.8,1.8,1.79,1.79,,200,359,2,
2012-12-10T00:00:00,ALR,REGS,1.799,1.801,1.799,1.801,,1400,2519.8,6,
2012-12-11T00:00:00,ALR,REGS,1.801,1.898,1.801,1.801,,13100,23743.3,18,
2012-12-12T00:00:00,ALR,REGS,1.885,1.885,1.801,1.802,,2500,4512.8,8,
2012-12-13T00:00:00,ALR,REGS,1.802,1.81,1.8,1.81,,3000,5411.3,8,
2012-12-14T00:00:00,ALR,REGS,1.8,1.8,1.8,1.8,,100,180,1,
2012-12-17T00:00:00,ALR,REGS,1.82,1.825,1.82,1.825,,300,547,3,
2012-12-19T00:00:00,ALR,REGS,1.84,1.91,1.84,1.891,,38700,73363.8,30,
2012-12-20T00:00:00,ALR,REGS,1.9,1.927,1.9,1.91,,4900,9376.1,11,
2012-12-21T00:00:00,ALR,REGS,1.905,1.926,1.842,1.92,,88400,163770.8,20,
2012-12-27T00:00:00,ALR,REGS,1.929,1.95,1.901,1.95,,800,1552.6,6,
2013-01-03T00:00:00,ALR,REGS,2,2.1,2,2.1,,10700,21450,6,
2013-01-04T00:00:00,ALR,REGS,2.15,2.41,2.05,2.155,,21600,48508,48,
2013-01-07T00:00:00,ALR,REGS,2.17,2.17,2.1,2.1,2.144,13500,,,
2013-01-08T00:00:00,ALR,REGS,2.1,2.102,2.1,2.102,,15400,32342.8,7,
2013-01-09T00:00:00,ALR,REGS,2.239,2.239,2.239,2.239,,100,223.9,1,
2013-01-10T00:00:00,ALR,REGS,2.239,2.24,2.2,2.2,,800,1773.9,6,
2013-01-11T00:00:00,ALR,REGS,2.2,2.3,2.2,2.25,,2000,4499.9,6,
2013-01-14T00:00:00,ALR,REGS,2.366,2.39,2.23,2.23,,15600,35874.6,26,
2013-01-15T00:00:00,ALR,REGS,2.231,2.3,2.13,2.13,,10600,22666.2,13,
2013-01-16T00:00:00,ALR,REGS,2.13,2.13,2.13,2.13,,300,639,2,
2013-01-18T00:00:00,ALR,REGS,2.28,2.3,2.279,2.3,,4100,9389.8,8,
2013-01-21T00:00:00,ALR,REGS,2.182,2.219,2.182,2.219,2.194,1200,,,
2013-01-22T00:00:00,ALR,REGS,2.2,2.2,2.2,2.2,,300,660,1,
2013-01-24T00:00:00,ALR,REGS,2.19,2.2,2.19,2.2,,600,1316,3,
2013-01-28T00:00:00,ALR,REGS,2.2,2.2,2.14,2.14,2.187,9400,,,
2013-01-30T00:00:00,ALR,REGS,2.15,2.217,2.15,2.217,,200,436.7,2,
2013-01-31T00:00:00,ALR,REGS,2.15,2.15,2.15,2.15,,500,1075,3,
2013-02-01T00:00:00,ALR,REGS,2.215,2.215,2.202,2.202,,1100,2433.9,2,
2013-02-07T00:00:00,ALR,REGS,2.27,2.294,2.27,2.294,,400,915.2,2,
2013-02-08T00:00:00,ALR,REGS,2.288,2.295,2.288,2.295,,1500,3436.5,4,
2013-02-11T00:00:00,ALR,REGS,2.289,2.29,2.28,2.28,,900,2057.8,3,
2013-02-12T00:00:00,ALR,REGS,2.28,2.28,2.265,2.265,,7100,16177.5,7,
2013-02-13T00:00:00,ALR,REGS,2.265,2.265,2.26,2.26,,1900,4298.5,3,
2013-02-14T00:00:00,ALR,REGS,2.241,2.241,2.241,2.241,,200,448.2,1,
2013-02-15T00:00:00,ALR,REGS,2.289,2.375,2.289,2.32,,10700,24678.9,15,
2013-02-20T00:00:00,ALR,REGS,2.302,2.302,2.301,2.301,,500,1150.7,2,
2013-02-21T00:00:00,ALR,REGS,2.3,2.3,2.25,2.25,,6500,14632.6,5,
2013-02-25T00:00:00,ALR,REGS,2.251,2.251,2.25,2.25,,1300,2925.2,3,
2013-02-26T00:00:00,ALR,REGS,2.24,2.24,2.24,2.24,,2000,4480,2,
2013-02-27T00:00:00,ALR,REGS,2.245,2.245,2.22,2.245,,300,671,3,
2013-02-28T00:00:00,ALR,REGS,2.245,2.245,2.245,2.245,,100,224.5,1,
2013-03-01T00:00:00,ALR,REGS,2.195,2.195,1.962,1.99,,26400,53567.6,61,
2013-03-04T00:00:00,ALR,REGS,1.97,2.02,1.97,2.02,,4700,9385,8,
2013-03-05T00:00:00,ALR,REGS,1.97,2.019,1.97,2.019,,600,1186.9,4,
2013-03-06T00:00:00,ALR,REGS,2.01,2.05,1.951,1.953,,19100,38004.6,35,
2013-03-07T00:00:00,ALR,REGS,1.955,1.955,1.923,1.923,,5900,11483.2,21,
2013-03-08T00:00:00,ALR,REGS,1.92,1.98,1.9,1.9,,22100,42062.4,32,
2013-03-11T00:00:00,ALR,REGS,1.91,1.915,1.889,1.915,,2800,5340.6,6,
2013-03-12T00:00:00,ALR,REGS,1.883,1.909,1.88,1.909,,2400,4527.8,10,
2013-03-13T00:00:00,ALR,REGS,1.9,1.9,1.86,1.89,,6200,11599.2,10,
2013-03-14T00:00:00,ALR,REGS,1.856,1.856,1.85,1.85,,4200,7776.9,7,
2013-03-15T00:00:00,ALR,REGS,1.85,1.87,1.78,1.78,,83700,150829.5,38,
2013-03-18T00:00:00,ALR,REGS,1.8,1.8,1.8,1.8,,400,720,2,
2013-03-19T00:00:00,ALR,REGS,1.768,1.768,1.767,1.767,,1100,1943.8,2,
2013-03-21T00:00:00,ALR,REGS,1.8,1.8,1.8,1.8,,2600,4680,5,
2013-03-25T00:00:00,ALR,REGS,1.845,1.86,1.845,1.86,,200,370.5,2,
2013-03-26T00:00:00,ALR,REGS,1.877,1.878,1.877,1.878,,200,375.5,2,
2013-03-27T00:00:00,ALR,REGS,1.83,1.9,1.83,1.9,,10400,19320.6,5,
2013-03-28T00:00:00,ALR,REGS,1.83,1.83,1.83,1.83,,800,1464,2,
2013-03-29T00:00:00,ALR,REGS,1.83,1.831,1.825,1.83,,1600,2926.1,5,
2013-04-01T00:00:00,ALR,REGS,1.825,1.83,1.8,1.83,,14900,27019.1,12,
2013-04-02T00:00:00,ALR,REGS,1.83,1.83,1.83,1.83,,1900,3477,2,
2013-04-03T00:00:00,ALR,REGS,1.83,1.83,1.83,1.83,,200,366,2,
2013-04-04T00:00:00,ALR,REGS,1.813,1.813,1.812,1.812,,2000,3625,2,
2013-04-05T00:00:00,ALR,REGS,1.805,1.805,1.802,1.802,,1800,3246.6,4,
2013-04-08T00:00:00,ALR,REGS,1.802,1.802,1.8,1.8,,3500,6301.7,4,
2013-04-10T00:00:00,ALR,REGS,1.801,1.801,1.8,1.8,,2100,3780.7,6,
2013-04-11T00:00:00,ALR,REGS,1.785,1.785,1.775,1.775,,1800,3202.7,7,
2013-04-12T00:00:00,ALR,REGS,1.8,1.8,1.755,1.755,,1300,2297.5,6,
2013-04-15T00:00:00,ALR,REGS,1.8,1.8,1.755,1.755,,1600,2812.5,4,
2013-04-22T00:00:00,ALR,REGS,1.756,1.756,1.755,1.755,,500,877.6,2,
2013-04-24T00:00:00,ALR,REGS,1.755,1.755,1.75,1.75,,1300,2278,4,
2013-04-25T00:00:00,ALR,REGS,1.74,1.74,1.722,1.722,,10800,18729.7,5,
2013-04-26T00:00:00,ALR,REGS,1.722,1.76,1.7,1.76,,6200,10590.8,7,
2013-05-03T00:00:00,ALR,REGS,1.75,1.77,1.75,1.77,,600,1052,2,
2013-05-08T00:00:00,ALR,REGS,1.7,1.7,1.7,1.7,,3200,5440,3,
2013-05-09T00:00:00,ALR,REGS,1.7,1.7,1.7,1.7,,1600,2720,4,
2013-05-10T00:00:00,ALR,REGS,1.7,1.74,1.6,1.74,,4700,7865.1,8,
2013-05-14T00:00:00,ALR,REGS,1.7,1.75,1.7,1.74,,500,868,4,
2013-05-15T00:00:00,ALR,REGS,1.75,1.75,1.7,1.739,,2500,4270.7,6,
2013-05-16T00:00:00,ALR,REGS,1.74,1.74,1.7,1.7,,600,1028,4,
2013-05-21T00:00:00,ALR,REGS,1.682,1.72,1.682,1.72,,200,340.2,2,
2013-05-22T00:00:00,ALR,REGS,1.715,1.715,1.715,1.715,,100,171.5,1,
2013-05-23T00:00:00,ALR,REGS,1.691,1.714,1.69,1.714,,1200,2030.5,4,
2013-05-24T00:00:00,ALR,REGS,1.71,1.71,1.67,1.67,,3400,5697.9,9,
2013-05-27T00:00:00,ALR,REGS,1.71,1.71,1.71,1.71,1.71,200,,,
2013-05-28T00:00:00,ALR,REGS,1.7,1.712,1.7,1.712,1.702,1000,,,
2013-05-29T00:00:00,ALR,REGS,1.69,1.698,1.641,1.641,,2400,4001,12,
2013-05-30T00:00:00,ALR,REGS,1.696,1.696,1.611,1.611,,1700,2785.6,8,
2013-05-31T00:00:00,ALR,REGS,1.615,1.679,1.601,1.679,,700,1134.7,4,
2013-06-03T00:00:00,ALR,REGS,1.679,1.679,1.679,1.679,,100,167.9,1,
2013-06-04T00:00:00,ALR,REGS,1.61,1.61,1.608,1.609,1.609,600,,,
2013-06-05T00:00:00,ALR,REGS,1.613,1.62,1.61,1.61,,7500,12077.5,16,
2013-06-06T00:00:00,ALR,REGS,1.61,1.61,1.599,1.6,,7800,12486.5,18,
2013-06-07T00:00:00,ALR,REGS,1.509,1.6,1.509,1.6,,4000,6081.5,12,
2013-06-10T00:00:00,ALR,REGS,1.61,1.61,1.61,1.61,,100,161,1,
2013-06-13T00:00:00,ALR,REGS,1.6,1.6,1.6,1.6,,100,160,1,
2013-06-18T00:00:00,ALR,REGS,1.555,1.6,1.555,1.56,,4000,6364.3,12,
2013-06-20T00:00:00,ALR,REGS,1.561,1.561,1.53,1.53,,8800,13501.4,13,
2013-06-21T00:00:00,ALR,REGS,1.618,1.618,1.618,1.618,,100,161.8,1,
2013-06-25T00:00:00,ALR,REGS,1.53,1.53,1.53,1.53,,5000,7650,6,
2013-06-26T00:00:00,ALR,REGS,1.598,1.61,1.53,1.53,,7100,11037.8,19,
2013-07-03T00:00:00,ALR,REGS,1.53,1.53,1.53,1.53,,6000,9180,11,
2013-07-04T00:00:00,ALR,REGS,1.53,1.59,1.53,1.59,,9000,13830.4,12,
2013-07-05T00:00:00,ALR,REGS,1.59,1.59,1.59,1.59,,100,159,1,
2013-07-08T00:00:00,ALR,REGS,1.55,1.55,1.528,1.528,,1600,2462.7,7,
2013-07-09T00:00:00,ALR,REGS,1.53,1.53,1.53,1.53,,3100,4743,6,
2013-07-10T00:00:00,ALR,REGS,1.53,1.53,1.53,1.53,,600,918,4,
2013-07-12T00:00:00,ALR,REGS,1.531,1.55,1.531,1.55,,500,767.4,2,
2013-07-15T00:00:00,ALR,REGS,1.55,1.56,1.53,1.54,1.539,6200,,,
2013-07-16T00:00:00,ALR,REGS,1.54,1.54,1.54,1.54,,1000,1540,2,
2013-07-17T00:00:00,ALR,REGS,1.54,1.55,1.54,1.55,,1700,2630,5,
2013-07-18T00:00:00,ALR,REGS,1.569,1.579,1.569,1.579,,500,785.8,3,
2013-07-19T00:00:00,ALR,REGS,1.545,1.545,1.545,1.545,,200,309,1,
2013-07-22T00:00:00,ALR,REGS,1.579,1.58,1.547,1.547,,3300,5128.2,10,
2013-07-23T00:00:00,ALR,REGS,1.546,1.55,1.546,1.55,,1100,1704.2,5,
2013-07-24T00:00:00,ALR,REGS,1.55,1.55,1.55,1.55,,100,155,1,
2013-07-26T00:00:00,ALR,REGS,1.557,1.557,1.557,1.557,,100,155.7,1,
2013-07-29T00:00:00,ALR,REGS,1.588,1.605,1.557,1.558,,10600,16685.6,23,
2013-07-30T00:00:00,ALR,REGS,1.559,1.559,1.559,1.559,,2500,3897.5,1,
2013-07-31T00:00:00,ALR,REGS,1.555,1.555,1.506,1.506,,5000,7607.8,15,
2013-08-02T00:00:00,ALR,REGS,1.532,1.532,1.532,1.532,,3300,5055.6,1,
2013-08-06T00:00:00,ALR,REGS,1.59,1.608,1.59,1.607,,1100,1764.7,8,
2013-08-07T00:00:00,ALR,REGS,1.58,1.58,1.58,1.58,,2200,3476,2,
2013-08-08T00:00:00,ALR,REGS,1.575,1.609,1.571,1.59,,47800,76015.3,8,
2013-08-09T00:00:00,ALR,REGS,1.609,1.61,1.607,1.607,,1000,1609.3,4,
2013-08-12T00:00:00,ALR,REGS,1.58,1.58,1.58,1.58,1.58,600,,,
2013-08-13T00:00:00,ALR,REGS,1.575,1.575,1.571,1.571,1.573,1200,,,
2013-08-19T00:00:00,ALR,REGS,1.56,1.57,1.55,1.57,1.555,3500,,,
2013-08-20T00:00:00,ALR,REGS,1.57,1.57,1.57,1.57,1.57,400,,,
2013-08-21T00:00:00,ALR,REGS,1.571,1.571,1.571,1.571,1.571,600,,,
2013-08-22T00:00:00,ALR,REGS,1.582,1.582,1.582,1.582,1.582,100,,,
2013-08-23T00:00:00,ALR,REGS,1.571,1.585,1.55,1.57,1.572,4200,,,
2013-08-26T00:00:00,ALR,REGS,1.571,1.572,1.571,1.572,1.571,900,,,
2013-08-27T00:00:00,ALR,REGS,1.571,1.571,1.571,1.571,1.571,600,,,
2013-08-28T00:00:00,ALR,REGS,1.571,1.571,1.551,1.551,1.566,1300,,,
2013-08-30T00:00:00,ALR,REGS,1.59,1.59,1.551,1.551,1.555,1100,,,
2013-09-02T00:00:00,ALR,REGS,1.555,1.555,1.55,1.55,1.55,3700,,,
2013-09-03T00:00:00,ALR,REGS,1.555,1.555,1.555,1.555,1.555,200,,,
2013-09-04T00:00:00,ALR,REGS,1.551,1.551,1.5,1.5,1.518,23400,,,
2013-09-05T00:00:00,ALR,REGS,1.5,1.5,1.48,1.5,1.499,2000,,,
2013-09-06T00:00:00,ALR,REGS,1.48,1.5,1.48,1.5,1.498,1000,,,
2013-09-09T00:00:00,ALR,REGS,1.432,1.5,1.432,1.5,1.495,2900,,,
2013-09-11T00:00:00,ALR,REGS,1.5,1.5,1.5,1.5,1.5,3000,,,
2013-09-12T00:00:00,ALR,REGS,1.5,1.5,1.46,1.48,1.479,700,,,
2013-09-16T00:00:00,ALR,REGS,1.485,1.485,1.485,1.485,1.485,4000,,,
2013-09-17T00:00:00,ALR,REGS,1.45,1.45,1.435,1.45,1.443,5900,,,
2013-09-18T00:00:00,ALR,REGS,1.475,1.475,1.475,1.475,1.475,300,,,
2013-09-19T00:00:00,ALR,REGS,1.46,1.46,1.46,1.46,1.46,500,,,
2013-09-20T00:00:00,ALR,REGS,1.45,1.475,1.436,1.475,1.444,2100,,,
2013-09-23T00:00:00,ALR,REGS,1.445,1.445,1.402,1.43,1.426,3600,,,
2013-09-24T00:00:00,ALR,REGS,1.45,1.475,1.44,1.475,1.454,2700,,,
2013-09-25T00:00:00,ALR,REGS,1.475,1.51,1.475,1.51,1.502,10200,,,
2013-09-26T00:00:00,ALR,REGS,1.539,1.54,1.539,1.539,1.539,4600,,,
2013-09-27T00:00:00,ALR,REGS,1.547,1.547,1.5,1.5,1.515,600,,,
2013-09-30T00:00:00,ALR,REGS,1.5,1.5,1.5,1.5,1.5,100,,,
2013-10-01T00:00:00,ALR,REGS,1.54,1.54,1.54,1.54,1.54,1000,,,
2013-10-02T00:00:00,ALR,REGS,1.54,1.54,1.5,1.5,1.519,1700,,,
2013-10-03T00:00:00,ALR,REGS,1.499,1.499,1.499,1.499,1.499,100,,,
2013-10-04T00:00:00,ALR,REGS,1.488,1.5,1.488,1.5,1.498,600,,,
2013-10-07T00:00:00,ALR,REGS,1.49,1.49,1.487,1.49,1.489,800,,,
2013-10-08T00:00:00,ALR,REGS,1.514,1.514,1.514,1.514,1.514,100,,,
2013-10-10T00:00:00,ALR,REGS,1.495,1.51,1.491,1.51,1.501,1900,,,
2013-10-11T00:00:00,ALR,REGS,1.5,1.53,1.5,1.5,1.51,1500,,,
2013-10-16T00:00:00,ALR,REGS,1.48,1.48,1.48,1.48,1.48,400,,,
2013-10-17T00:00:00,ALR,REGS,1.48,1.48,1.48,1.48,1.48,300,,,
2013-10-18T00:00:00,ALR,REGS,1.474,1.474,1.474,1.474,1.474,200,,,
2013-10-21T00:00:00,ALR,REGS,1.474,1.474,1.47,1.47,1.471,3500,,,
2013-10-22T00:00:00,ALR,REGS,1.47,1.5,1.44,1.44,1.472,3200,,,
2013-10-23T00:00:00,ALR,REGS,1.44,1.44,1.43,1.43,1.435,1000,,,
2013-10-24T00:00:00,ALR,REGS,1.475,1.475,1.475,1.475,1.475,300,,,
2013-10-25T00:00:00,ALR,REGS,1.45,1.46,1.45,1.46,1.458,1800,,,
2013-10-29T00:00:00,ALR,REGS,1.45,1.45,1.44,1.44,1.449,3500,,,
2013-10-30T00:00:00,ALR,REGS,1.44,1.441,1.44,1.44,1.44,2100,,,
2013-11-01T00:00:00,ALR,REGS,1.44,1.47,1.44,1.44,1.452,14600,,,
2013-11-04T00:00:00,ALR,REGS,1.45,1.49,1.45,1.45,1.45,91800,,,
2013-11-05T00:00:00,ALR,REGS,1.498,1.499,1.498,1.499,1.499,3700,,,
2013-11-06T00:00:00,ALR,REGS,1.499,1.499,1.441,1.441,1.45,24700,,,
2013-11-07T00:00:00,ALR,REGS,1.45,1.45,1.442,1.442,1.447,1600,,,
2013-11-08T00:00:00,ALR,REGS,1.443,1.494,1.442,1.45,1.468,2200,,,
2013-11-11T00:00:00,ALR,REGS,1.451,1.451,1.44,1.44,1.444,47200,,,
2013-11-12T00:00:00,ALR,REGS,1.489,1.489,1.43,1.43,1.443,24000,,,
2013-11-14T00:00:00,ALR,REGS,1.426,1.426,1.425,1.425,1.425,2000,,,
2013-11-15T00:00:00,ALR,REGS,1.425,1.425,1.425,1.425,1.425,100,,,
2013-11-18T00:00:00,ALR,REGS,1.426,1.426,1.426,1.426,1.426,100,,,
2013-11-19T00:00:00,ALR,REGS,1.426,1.445,1.425,1.445,1.426,6800,,,
2013-11-20T00:00:00,ALR,REGS,1.444,1.449,1.444,1.449,1.447,200,,,
2013-11-21T00:00:00,ALR,REGS,1.449,1.45,1.449,1.45,1.45,500,,,
2013-11-25T00:00:00,ALR,REGS,1.449,1.45,1.44,1.45,1.449,4600,,,
2013-11-26T00:00:00,ALR,REGS,1.451,1.451,1.435,1.44,1.446,19300,,,
2013-11-27T00:00:00,ALR,REGS,1.44,1.46,1.44,1.46,1.449,2800,,,
2013-11-28T00:00:00,ALR,REGS,1.47,1.5,1.45,1.45,1.465,88400,,,
2013-11-29T00:00:00,ALR,REGS,1.45,1.45,1.44,1.45,1.445,6200,,,
2013-12-02T00:00:00,ALR,REGS,1.44,1.45,1.42,1.42,1.44,21900,,,
2013-12-03T00:00:00,ALR,REGS,1.421,1.421,1.401,1.403,1.402,11800,,,
2013-12-04T00:00:00,ALR,REGS,1.405,1.405,1.39,1.4,1.401,17800,,,
2013-12-05T00:00:00,ALR,REGS,1.45,1.465,1.45,1.465,1.454,1800,,,
2013-12-12T00:00:00,ALR,REGS,1.425,1.43,1.425,1.43,1.43,1000,,,
2013-12-13T00:00:00,ALR,REGS,1.413,1.413,1.412,1.413,1.413,1100,,,
2013-12-16T00:00:00,ALR,REGS,1.414,1.418,1.414,1.417,1.417,1300,,,
2013-12-17T00:00:00,ALR,REGS,1.413,1.413,1.412,1.412,1.412,500,,,
2013-12-18T00:00:00,ALR,REGS,1.414,1.414,1.412,1.412,1.413,1000,,,
2013-12-19T00:00:00,ALR,REGS,1.413,1.413,1.412,1.412,1.412,3500,,,
2013-12-20T00:00:00,ALR,REGS,1.412,1.412,1.412,1.412,1.412,1400,,,
2013-12-23T00:00:00,ALR,REGS,1.415,1.415,1.415,1.415,1.415,100,,,
2013-12-30T00:00:00,ALR,REGS,1.415,1.447,1.415,1.447,1.434,3500,,,
2014-01-03T00:00:00,ALR,REGS,1.421,1.421,1.421,1.421,1.421,100,,,
2014-01-06T00:00:00,ALR,REGS,1.427,1.427,1.426,1.426,1.426,500,,,
2014-01-07T00:00:00,ALR,REGS,1.431,1.46,1.43,1.46,1.448,10200,,,
2014-01-08T00:00:00,ALR,REGS,1.46,1.531,1.46,1.502,1.501,25800,,,
2014-01-09T00:00:00,ALR,REGS,1.52,1.52,1.471,1.471,1.504,1200,,,
2014-01-10T00:00:00,ALR,REGS,1.495,1.495,1.49,1.49,1.491,5800,,,
2014-01-13T00:00:00,ALR,REGS,1.49,1.531,1.49,1.531,1.529,17400,,,
2014-01-14T00:00:00,ALR,REGS,1.54,1.569,1.52,1.569,1.549,31900,,,
2014-01-15T00:00:00,ALR,REGS,1.569,1.62,1.569,1.62,1.588,5000,,,
2014-01-16T00:00:00,ALR,REGS,1.645,1.65,1.645,1.649,1.648,2400,,,
2014-01-17T00:00:00,ALR,REGS,1.654,1.7,1.65,1.7,1.654,21500,,,
2014-01-20T00:00:00,ALR,REGS,1.65,1.67,1.65,1.67,1.656,5500,,,
2014-01-21T00:00:00,ALR,REGS,1.63,1.63,1.63,1.63,1.63,100,,,
2014-01-22T00:00:00,ALR,REGS,1.655,1.683,1.655,1.683,1.681,1400,,,
2014-01-23T00:00:00,ALR,REGS,1.683,1.683,1.65,1.65,1.654,1800,,,
2014-01-24T00:00:00,ALR,REGS,1.65,1.67,1.63,1.67,1.65,4800,,,
2014-01-27T00:00:00,ALR,REGS,1.65,1.67,1.62,1.665,1.654,4000,,,
2014-01-29T00:00:00,ALR,REGS,1.66,1.661,1.626,1.626,1.657,1200,,,
2014-01-30T00:00:00,ALR,REGS,1.625,1.625,1.602,1.602,1.62,10600,,,
2014-01-31T00:00:00,ALR,REGS,1.6,1.61,1.542,1.542,1.582,2600,,,
2014-02-03T00:00:00,ALR,REGS,1.6,1.6,1.51,1.51,1.544,1300,,,
2014-02-06T00:00:00,ALR,REGS,1.512,1.579,1.51,1.565,1.513,5500,,,
2014-02-07T00:00:00,ALR,REGS,1.575,1.575,1.564,1.564,1.57,200,,,
2014-02-10T00:00:00,ALR,REGS,1.574,1.578,1.574,1.578,1.576,300,,,
2014-02-11T00:00:00,ALR,REGS,1.515,1.515,1.5,1.501,1.505,27300,,,
2014-02-12T00:00:00,ALR,REGS,1.5,1.5,1.445,1.45,1.46,7100,,,
2014-02-13T00:00:00,ALR,REGS,1.457,1.457,1.432,1.45,1.45,10400,,,
2014-02-14T00:00:00,ALR,REGS,1.435,1.45,1.435,1.45,1.45,7800,,,
2014-02-17T00:00:00,ALR,REGS,1.498,1.499,1.45,1.45,1.456,5900,,,
2014-02-18T00:00:00,ALR,REGS,1.45,1.475,1.414,1.414,1.448,17900,,,
2014-02-19T00:00:00,ALR,REGS,1.45,1.46,1.45,1.45,1.45,9300,,,
2014-02-20T00:00:00,ALR,REGS,1.435,1.435,1.36,1.36,1.427,4900,,,
2014-02-21T00:00:00,ALR,REGS,1.4,1.4,1.375,1.375,1.375,8100,,,
2014-02-24T00:00:00,ALR,REGS,1.38,1.38,1.38,1.38,1.38,100,,,
2014-02-25T00:00:00,ALR,REGS,1.4,1.4,1.4,1.4,1.4,300,,,
2014-02-26T00:00:00,ALR,REGS,1.39,1.39,1.39,1.39,1.39,100,,,
2014-02-27T00:00:00,ALR,REGS,1.46,1.49,1.44,1.49,1.46,6300,,,
2014-02-28T00:00:00,ALR,REGS,1.44,1.44,1.41,1.42,1.423,5000,,,
2014-03-03T00:00:00,ALR,REGS,1.402,1.402,1.352,1.352,1.379,9100,,,
2014-03-04T00:00:00,ALR,REGS,1.4,1.43,1.4,1.43,1.404,15000,,,
2014-03-06T00:00:00,ALR,REGS,1.4,1.41,1.341,1.38,1.36,9300,,,
2014-03-07T00:00:00,ALR,REGS,1.35,1.35,1.3,1.301,1.325,900,,,
2014-03-10T00:00:00,ALR,REGS,1.325,1.325,1.251,1.251,1.3,2900,,,
2014-03-11T00:00:00,ALR,REGS,1.255,1.255,1.252,1.252,1.253,2700,,,
2014-03-12T00:00:00,ALR,REGS,1.22,1.3,1.218,1.3,1.26,2200,,,
2014-03-13T00:00:00,ALR,REGS,1.3,1.3,1.3,1.3,1.3,5300,,,
2014-03-14T00:00:00,ALR,REGS,1.3,1.3,1.3,1.3,1.3,500,,,
2014-03-17T00:00:00,ALR,REGS,1.28,1.28,1.27,1.27,1.271,5900,,,
2014-03-18T00:00:00,ALR,REGS,1.299,1.299,1.299,1.299,1.299,100,,,
2014-03-19T00:00:00,ALR,REGS,1.299,1.299,1.2,1.286,1.205,7900,,,
2014-03-20T00:00:00,ALR,REGS,1.162,1.295,1.162,1.295,1.188,2600,,,
2014-03-21T00:00:00,ALR,REGS,1.298,1.298,1.28,1.28,1.284,2900,,,
2014-03-24T00:00:00,ALR,REGS,1.28,1.28,1.28,1.28,1.28,600,,,
2014-03-26T00:00:00,ALR,REGS,1.22,1.249,1.2,1.249,1.215,4400,,,
2014-03-27T00:00:00,ALR,REGS,1.25,1.25,1.25,1.25,1.25,100,,,
2014-03-28T00:00:00,ALR,REGS,1.211,1.211,1.2,1.2,1.207,3000,,,
2014-04-01T00:00:00,ALR,REGS,1.22,1.22,1.22,1.22,1.22,1000,,,
2014-04-04T00:00:00,ALR,REGS,1.259,1.26,1.259,1.26,1.26,2600,,,
2014-04-07T00:00:00,ALR,REGS,1.223,1.223,1.2,1.2,1.218,7000,,,
2014-04-08T00:00:00,ALR,REGS,1.201,1.201,1.191,1.2,1.199,10800,,,
2014-04-09T00:00:00,ALR,REGS,1.2,1.2,1.2,1.2,1.2,2100,,,
2014-04-10T00:00:00,ALR,REGS,1.2,1.26,1.2,1.25,1.247,4500,,,
2014-04-11T00:00:00,ALR,REGS,1.205,1.26,1.195,1.195,1.213,12000,,,
2014-04-14T00:00:00,ALR,REGS,1.193,1.2,1.193,1.2,1.199,2600,,,
2014-04-15T00:00:00,ALR,REGS,1.2,1.2,1.2,1.2,1.2,1700,,,
2014-04-16T00:00:00,ALR,REGS,1.2,1.2,1.2,1.2,1.2,100,,,
2014-04-17T00:00:00,ALR,REGS,1.22,1.22,1.22,1.22,1.22,1500,,,
2014-04-18T00:00:00,ALR,REGS,1.2,1.25,1.2,1.206,1.227,5400,,,
2014-04-23T00:00:00,ALR,REGS,1.25,1.36,1.25,1.3,1.289,24100,,,
2014-04-24T00:00:00,ALR,REGS,1.3,1.301,1.3,1.3,1.3,3700,,,
2014-04-25T00:00:00,ALR,REGS,1.3,1.3,1.264,1.3,1.297,2400,,,
2014-04-28T00:00:00,ALR,REGS,1.262,1.262,1.262,1.262,1.262,100,,,
2014-04-29T00:00:00,ALR,REGS,1.3,1.3,1.3,1.3,1.3,10,,,
2014-05-02T00:00:00,ALR,REGS,1.26,1.26,1.26,1.26,1.26,50,,,
2014-05-05T00:00:00,ALR,REGS,1.24,1.24,1.235,1.235,1.236,2110,,,
2014-05-06T00:00:00,ALR,REGS,1.235,1.235,1.235,1.235,1.235,3900,,,
2014-05-07T00:00:00,ALR,REGS,1.225,1.226,1.225,1.226,1.226,400,,,
2014-05-08T00:00:00,ALR,REGS,1.225,1.25,1.2,1.22,1.213,2170,,,
2014-05-09T00:00:00,ALR,REGS,1.248,1.248,1.203,1.203,1.205,210,,,
2014-05-12T00:00:00,ALR,REGS,1.205,1.22,1.205,1.207,1.206,19940,,,
2014-05-13T00:00:00,ALR,REGS,1.24,1.24,1.22,1.24,1.223,790,,,
2014-05-14T00:00:00,ALR,REGS,1.23,1.23,1.23,1.23,1.23,140,,,
2014-05-15T00:00:00,ALR,REGS,1.248,1.248,1.22,1.248,1.225,2100,,,
2014-05-16T00:00:00,ALR,REGS,1.22,1.22,1.2,1.2,1.203,5300,,,
2014-05-19T00:00:00,ALR,REGS,1.244,1.244,1.244,1.244,1.244,50,,,
2014-05-20T00:00:00,ALR,REGS,1.245,1.245,1.2,1.2,1.202,3500,,,
2014-05-21T00:00:00,ALR,REGS,1.239,1.239,1.239,1.239,1.239,10,,,
2014-05-23T00:00:00,ALR,REGS,1.235,1.235,1.2,1.2,1.203,790,,,
2014-05-27T00:00:00,ALR,REGS,1.201,1.24,1.201,1.24,1.238,570,,,
2014-05-28T00:00:00,ALR,REGS,1.23,1.278,1.23,1.275,1.232,14180,,,
2014-05-30T00:00:00,ALR,REGS,1.231,1.231,1.23,1.23,1.23,310,,,
2014-06-02T00:00:00,ALR,REGS,1.269,1.269,1.205,1.205,1.223,1070,,,
2014-06-03T00:00:00,ALR,REGS,1.25,1.25,1.23,1.23,1.231,1600,,,
2014-06-04T00:00:00,ALR,REGS,1.23,1.23,1.23,1.23,1.23,100,,,
2014-06-05T00:00:00,ALR,REGS,1.23,1.23,1.23,1.23,1.23,50,,,
2014-06-06T00:00:00,ALR,REGS,1.23,1.23,1.21,1.21,1.21,5850,,,
2014-06-10T00:00:00,ALR,REGS,1.249,1.259,1.249,1.259,1.254,20,,,
2014-06-11T00:00:00,ALR,REGS,1.205,1.249,1.2,1.249,1.201,1880,,,
2014-06-13T00:00:00,ALR,REGS,1.22,1.22,1.201,1.202,1.203,1400,,,
2014-06-16T00:00:00,ALR,REGS,1.204,1.204,1.2,1.2,1.201,11610,,,
2014-06-17T00:00:00,ALR,REGS,1.2,1.2,1.197,1.2,1.2,1270,,,
2014-06-18T00:00:00,ALR,REGS,1.2,1.24,1.198,1.24,1.2,4030,,,
2014-06-23T00:00:00,ALR,REGS,1.24,1.25,1.24,1.248,1.249,5100,,,
2014-06-25T00:00:00,ALR,REGS,1.21,1.21,1.21,1.21,1.21,830,,,
2014-06-26T00:00:00,ALR,REGS,1.243,1.243,1.243,1.243,1.243,30,,,
2014-06-30T00:00:00,ALR,REGS,1.215,1.215,1.21,1.21,1.213,480,,,
2014-07-01T00:00:00,ALR,REGS,1.249,1.259,1.249,1.259,1.252,3890,,,
2014-07-02T00:00:00,ALR,REGS,1.26,1.273,1.232,1.232,1.248,10200,,,
2014-07-03T00:00:00,ALR,REGS,1.212,1.212,1.21,1.21,1.21,15000,,,
2014-07-04T00:00:00,ALR,REGS,1.209,1.209,1.207,1.207,1.207,2900,,,
2014-07-07T00:00:00,ALR,REGS,1.202,1.24,1.201,1.24,1.235,4750,,,
2014-07-08T00:00:00,ALR,REGS,1.203,1.223,1.2,1.223,1.201,3200,,,
2014-07-09T00:00:00,ALR,REGS,1.24,1.248,1.24,1.24,1.242,4650,,,
2014-07-14T00:00:00,ALR,REGS,1.23,1.23,1.23,1.23,1.23,1300,,,
2014-07-15T00:00:00,ALR,REGS,1.238,1.24,1.238,1.24,1.24,5900,,,
2014-07-16T00:00:00,ALR,REGS,1.24,1.24,1.24,1.24,1.24,1090,,,
2014-07-17T00:00:00,ALR,REGS,1.211,1.211,1.21,1.21,1.211,600,,,
2014-07-21T00:00:00,ALR,REGS,1.212,1.24,1.202,1.24,1.209,6140,,,
2014-07-22T00:00:00,ALR,REGS,1.239,1.24,1.239,1.24,1.24,1000,,,
2014-07-23T00:00:00,ALR,REGS,1.205,1.22,1.203,1.22,1.212,5510,,,
2014-07-25T00:00:00,ALR,REGS,1.239,1.239,1.239,1.239,1.239,100,,,
2014-07-28T00:00:00,ALR,REGS,1.24,1.244,1.225,1.244,1.232,3850,,,
2014-07-29T00:00:00,ALR,REGS,1.245,1.245,1.23,1.23,1.234,3010,,,
2014-07-31T00:00:00,ALR,REGS,1.215,1.24,1.213,1.24,1.239,4670,,,
2014-08-01T00:00:00,ALR,REGS,1.221,1.221,1.208,1.208,1.213,6400,,,
2014-08-06T00:00:00,ALR,REGS,1.213,1.213,1.213,1.213,1.213,480,,,
2014-08-08T00:00:00,ALR,REGS,1.238,1.24,1.213,1.213,1.231,1500,,,
2014-08-13T00:00:00,ALR,REGS,1.215,1.215,1.213,1.213,1.214,1490,,,
2014-08-14T00:00:00,ALR,REGS,1.215,1.22,1.2,1.22,1.205,41500,,,
2014-08-19T00:00:00,ALR,REGS,1.2,1.2,1.185,1.185,1.191,490,,,
2014-08-20T00:00:00,ALR,REGS,1.186,1.22,1.183,1.22,1.206,3020,,,
2014-08-21T00:00:00,ALR,REGS,1.219,1.22,1.219,1.22,1.22,750,,,
2014-08-25T00:00:00,ALR,REGS,1.217,1.217,1.19,1.19,1.21,300,,,
2014-08-26T00:00:00,ALR,REGS,1.218,1.218,1.218,1.218,1.218,150,,,
2014-08-27T00:00:00,ALR,REGS,1.186,1.186,1.182,1.185,1.185,1180,,,
2014-08-28T00:00:00,ALR,REGS,1.184,1.195,1.184,1.195,1.193,1300,,,
2014-08-29T00:00:00,ALR,REGS,1.183,1.183,1.182,1.182,1.183,3200,,,
2014-09-01T00:00:00,ALR,REGS,1.185,1.185,1.183,1.183,1.185,1630,,,
2014-09-02T00:00:00,ALR,REGS,1.184,1.184,1.183,1.183,1.184,200,,,
2014-09-03T00:00:00,ALR,REGS,1.199,1.199,1.199,1.199,1.199,10,,,
2014-09-04T00:00:00,ALR,REGS,1.199,1.199,1.199,1.199,1.199,400,,,
2014-09-08T00:00:00,ALR,REGS,1.214,1.214,1.18,1.18,1.182,2980,,,
2014-09-15T00:00:00,ALR,REGS,1.19,1.19,1.179,1.179,1.18,15910,,,
2014-09-19T00:00:00,ALR,REGS,1.18,1.2,1.18,1.18,1.181,3300,,,
2014-09-22T00:00:00,ALR,REGS,1.176,1.213,1.17,1.17,1.173,5620,,,
2014-09-25T00:00:00,ALR,REGS,1.2,1.207,1.2,1.207,1.201,600,,,
2014-09-26T00:00:00,ALR,REGS,1.19,1.207,1.18,1.207,1.187,1800,,,
2014-10-02T00:00:00,ALR,REGS,1.17,1.17,1.16,1.16,1.162,4320,,,
2014-10-03T00:00:00,ALR,REGS,1.2,1.205,1.153,1.204,1.189,320,,,
2014-10-06T00:00:00,ALR,REGS,1.198,1.198,1.15,1.15,1.155,550,,,
2014-10-07T00:00:00,ALR,REGS,1.16,1.197,1.159,1.159,1.174,5240,,,
2014-10-09T00:00:00,ALR,REGS,1.2,1.208,1.17,1.17,1.191,3200,,,
2014-10-10T00:00:00,ALR,REGS,1.205,1.205,1.205,1.205,1.205,40,,,
2014-10-14T00:00:00,ALR,REGS,1.167,1.167,1.165,1.166,1.166,3500,,,
2014-10-15T00:00:00,ALR,REGS,1.165,1.199,1.161,1.199,1.168,1100,,,
2014-10-16T00:00:00,ALR,REGS,1.164,1.191,1.153,1.155,1.159,17120,,,
2014-10-17T00:00:00,ALR,REGS,1.157,1.187,1.15,1.185,1.153,970,,,
2014-10-20T00:00:00,ALR,REGS,1.155,1.155,1.15,1.15,1.151,490,,,
2014-10-21T00:00:00,ALR,REGS,1.18,1.18,1.18,1.18,1.18,10,,,
2014-10-24T00:00:00,ALR,REGS,1.16,1.189,1.16,1.189,1.173,190,,,
2014-10-27T00:00:00,ALR,REGS,1.156,1.18,1.153,1.18,1.178,4280,,,
2014-10-28T00:00:00,ALR,REGS,1.155,1.155,1.155,1.155,1.155,200,,,
2014-10-31T00:00:00,ALR,REGS,1.156,1.156,1.15,1.15,1.151,12600,,,
2014-11-03T00:00:00,ALR,REGS,1.153,1.153,1.15,1.15,1.15,500,,,
2014-11-04T00:00:00,ALR,REGS,1.152,1.152,1.151,1.151,1.151,200,,,
2014-11-05T00:00:00,ALR,REGS,1.155,1.187,1.153,1.187,1.159,590,,,
2014-11-07T00:00:00,ALR,REGS,1.187,1.187,1.187,1.187,1.187,50,,,
2014-11-11T00:00:00,ALR,REGS,1.165,1.165,1.151,1.151,1.155,3310,,,
2014-11-17T00:00:00,ALR,REGS,1.18,1.18,1.18,1.18,1.18,10,,,
2014-11-18T00:00:00,ALR,REGS,1.152,1.183,1.15,1.183,1.167,2000,,,
2014-11-19T00:00:00,ALR,REGS,1.179,1.179,1.135,1.16,1.148,4850,,,
2014-11-20T00:00:00,ALR,REGS,1.141,1.16,1.132,1.154,1.134,6730,,,
2014-11-21T00:00:00,ALR,REGS,1.14,1.16,1.1,1.132,1.108,20640,,,
2014-11-24T00:00:00,ALR,REGS,1.14,1.14,1.1,1.129,1.11,5760,,,
2014-11-26T00:00:00,ALR,REGS,1.115,1.135,1.11,1.12,1.121,2540,,,
2014-11-27T00:00:00,ALR,REGS,1.12,1.13,1.1,1.11,1.112,7300,,,
2014-11-28T00:00:00,ALR,REGS,1.115,1.115,1.115,1.115,1.115,100,,,
2014-12-02T00:00:00,ALR,REGS,1.14,1.145,1.14,1.145,1.141,120,,,
2014-12-03T00:00:00,ALR,REGS,1.121,1.175,1.12,1.17,1.159,7623,,,
2014-12-04T00:00:00,ALR,REGS,1.133,1.133,1.133,1.133,1.133,20,,,
2014-12-05T00:00:00,ALR,REGS,1.175,1.175,1.175,1.175,1.175,350,,,
2014-12-08T00:00:00,ALR,REGS,1.175,1.302,1.15,1.297,1.267,36259,,,
2014-12-09T00:00:00,ALR,REGS,1.296,1.319,1.25,1.3,1.304,3972,,,
2014-12-10T00:00:00,ALR,REGS,1.251,1.29,1.251,1.26,1.269,2760,,,
2014-12-11T00:00:00,ALR,REGS,1.255,1.29,1.255,1.29,1.266,13960,,,
2014-12-12T00:00:00,ALR,REGS,1.29,1.29,1.25,1.27,1.266,37824,,,
2014-12-15T00:00:00,ALR,REGS,1.27,1.28,1.25,1.25,1.253,4000,,,
2014-12-16T00:00:00,ALR,REGS,1.25,1.25,1.232,1.232,1.241,1158,,,
2014-12-17T00:00:00,ALR,REGS,1.249,1.249,1.18,1.181,1.192,1110,,,
2014-12-18T00:00:00,ALR,REGS,1.2,1.26,1.2,1.26,1.2,1305,,,
2014-12-29T00:00:00,ALR,REGS,1.2,1.2,1.2,1.2,1.2,200,,,
2014-12-30T00:00:00,ALR,REGS,1.18,1.18,1.14,1.16,1.151,36366,,,
2015-01-05T00:00:00,ALR,REGS,1.176,1.23,1.176,1.23,1.176,378,,,
2015-01-06T00:00:00,ALR,REGS,1.16,1.16,1.151,1.151,1.158,1306,,,
2015-01-08T00:00:00,ALR,REGS,1.18,1.18,1.18,1.18,1.18,2,,,
2015-01-12T00:00:00,ALR,REGS,1.179,1.179,1.17,1.17,1.171,350,,,
2015-01-13T00:00:00,ALR,REGS,1.166,1.2,1.15,1.19,1.164,17237,,,
2015-01-14T00:00:00,ALR,REGS,1.175,1.175,1.175,1.175,1.175,123,,,
2015-01-15T00:00:00,ALR,REGS,1.185,1.185,1.185,1.185,1.185,2,,,
2015-01-16T00:00:00,ALR,REGS,1.152,1.152,1.141,1.142,1.144,249,,,
2015-01-19T00:00:00,ALR,REGS,1.17,1.17,1.17,1.17,1.17,8,,,
2015-01-21T00:00:00,ALR,REGS,1.17,1.17,1.137,1.137,1.143,145,,,
2015-01-22T00:00:00,ALR,REGS,1.14,1.14,1.14,1.14,1.14,100,,,
2015-01-26T00:00:00,ALR,REGS,1.16,1.16,1.136,1.14,1.148,26632,,,
2015-01-28T00:00:00,ALR,REGS,1.14,1.14,1.14,1.14,1.14,200,,,
2015-01-29T00:00:00,ALR,REGS,1.138,1.14,1.136,1.139,1.137,1149,,,
2015-01-30T00:00:00,ALR,REGS,1.137,1.137,1.135,1.135,1.135,830,,,
2015-02-02T00:00:00,ALR,REGS,1.14,1.14,1.14,1.14,1.14,21,,,
2015-02-03T00:00:00,ALR,REGS,1.14,1.14,1.14,1.14,1.14,1002,,,
2015-02-04T00:00:00,ALR,REGS,1.14,1.14,1.14,1.14,1.14,1707,,,
2015-02-06T00:00:00,ALR,REGS,1.136,1.136,1.136,1.136,1.136,5,,,
2015-02-09T00:00:00,ALR,REGS,1.14,1.17,1.14,1.17,1.148,804,,,
2015-02-10T00:00:00,ALR,REGS,1.179,1.179,1.179,1.179,1.179,100,,,
2015-02-11T00:00:00,ALR,REGS,1.18,1.18,1.18,1.18,1.18,1500,,,
2015-02-12T00:00:00,ALR,REGS,1.175,1.175,1.175,1.175,1.175,500,,,
2015-02-13T00:00:00,ALR,REGS,1.136,1.136,1.135,1.135,1.135,500,,,
2015-02-16T00:00:00,ALR,REGS,1.136,1.136,1.136,1.136,1.136,900,,,
2015-02-17T00:00:00,ALR,REGS,1.15,1.15,1.15,1.15,1.15,383,,,
2015-02-18T00:00:00,ALR,REGS,1.136,1.145,1.136,1.136,1.14,1360,,,
2015-02-19T00:00:00,ALR,REGS,1.136,1.138,1.136,1.138,1.136,2020,,,
2015-02-20T00:00:00,ALR,REGS,1.136,1.136,1.136,1.136,1.136,65,,,
2015-02-23T00:00:00,ALR,REGS,1.15,1.219,1.15,1.152,1.199,13665,,,
2015-02-25T00:00:00,ALR,REGS,1.15,1.15,1.121,1.121,1.135,6373,,,
2015-02-26T00:00:00,ALR,REGS,1.13,1.13,1.122,1.122,1.122,3900,,,
2015-02-27T00:00:00,ALR,REGS,1.123,1.123,1.12,1.12,1.122,4734,,,
2015-03-06T00:00:00,ALR,REGS,1.12,1.12,1.11,1.11,1.111,12000,,,
2015-03-10T00:00:00,ALR,REGS,1.11,1.11,1.1,1.1,1.101,1704,,,
2015-03-11T00:00:00,ALR,REGS,1.1,1.16,1.1,1.16,1.1,801,,,
2015-03-12T00:00:00,ALR,REGS,1.11,1.11,1.05,1.05,1.083,1000,,,
2015-03-17T00:00:00,ALR,REGS,1.159,1.159,1.159,1.159,1.159,1,,,
2015-03-24T00:00:00,ALR,REGS,1.08,1.08,1.05,1.05,1.051,484,,,
2015-03-25T00:00:00,ALR,REGS,1.06,1.06,1.06,1.06,1.06,510,,,
2015-03-27T00:00:00,ALR,REGS,1.06,1.06,1.06,1.06,1.06,495,,,
2015-03-30T00:00:00,ALR,REGS,1.05,1.05,1.04,1.04,1.042,928,,,
2015-03-31T00:00:00,ALR,REGS,1.04,1.05,1.04,1.05,1.048,1337,,,
2015-04-01T00:00:00,ALR,REGS,1.1,1.1,1.1,1.1,1.1,308,,,
2015-04-06T00:00:00,ALR,REGS,1.149,1.154,1.149,1.154,1.152,223,,,
2015-04-07T00:00:00,ALR,REGS,1.15,1.151,1.07,1.07,1.077,490,,,
2015-04-08T00:00:00,ALR,REGS,1.1,1.15,1.1,1.15,1.102,524,,,
2015-04-09T00:00:00,ALR,REGS,1.15,1.17,1.15,1.17,1.161,9424,,,
2015-04-10T00:00:00,ALR,REGS,1.151,1.151,1.15,1.15,1.151,210,,,
2015-04-14T00:00:00,ALR,REGS,1.15,1.15,1.15,1.15,1.15,240,,,
2015-04-15T00:00:00,ALR,REGS,1.15,1.15,1.15,1.15,1.15,12,,,
2015-04-16T00:00:00,ALR,REGS,1.166,1.21,1.166,1.21,1.195,41135,,,
2015-04-17T00:00:00,ALR,REGS,1.22,1.248,1.22,1.246,1.233,137,,,
2015-04-21T00:00:00,ALR,REGS,1.18,1.18,1.16,1.16,1.16,7500,,,
2015-04-22T00:00:00,ALR,REGS,1.165,1.195,1.162,1.195,1.185,11509,,,
2015-04-23T00:00:00,ALR,REGS,1.216,1.277,1.216,1.25,1.264,25745,,,
2015-04-24T00:00:00,ALR,REGS,1.24,1.24,1.23,1.23,1.23,1350,,,
2015-04-27T00:00:00,ALR,REGS,1.21,1.21,1.21,1.21,1.21,496,,,
2015-04-28T00:00:00,ALR,REGS,1.268,1.268,1.211,1.268,1.221,1030,,,
2015-04-29T00:00:00,ALR,REGS,1.259,1.277,1.259,1.277,1.266,2000,,,
2015-04-30T00:00:00,ALR,REGS,1.212,1.276,1.212,1.276,1.265,12,,,
2015-05-04T00:00:00,ALR,REGS,1.23,1.276,1.23,1.276,1.268,12,,,
2015-05-05T00:00:00,ALR,REGS,1.27,1.34,1.25,1.282,1.298,30746,,,
2015-05-06T00:00:00,ALR,REGS,1.271,1.271,1.27,1.27,1.27,7800,,,
2015-05-07T00:00:00,ALR,REGS,1.24,1.3,1.24,1.3,1.274,6800,,,
2015-05-08T00:00:00,ALR,REGS,1.3,1.3,1.28,1.28,1.28,1017,,,
2015-05-13T00:00:00,ALR,REGS,1.299,1.31,1.299,1.3,1.306,9853,,,
2015-05-14T00:00:00,ALR,REGS,1.27,1.31,1.27,1.31,1.305,4617,,,
2015-05-15T00:00:00,ALR,REGS,1.32,1.32,1.32,1.32,1.32,500,,,
2015-05-18T00:00:00,ALR,REGS,1.28,1.3,1.25,1.25,1.276,5622,,,
2015-05-19T00:00:00,ALR,REGS,1.231,1.232,1.231,1.232,1.232,62,,,
2015-05-20T00:00:00,ALR,REGS,1.233,1.233,1.233,1.233,1.233,550,,,
2015-05-21T00:00:00,ALR,REGS,1.233,1.233,1.23,1.23,1.232,250,,,
2015-05-22T00:00:00,ALR,REGS,1.27,1.29,1.27,1.29,1.284,1544,,,
2015-05-25T00:00:00,ALR,REGS,1.29,1.29,1.29,1.29,1.29,1400,,,
2015-05-26T00:00:00,ALR,REGS,1.243,1.243,1.243,1.243,1.243,984,,,
2015-05-27T00:00:00,ALR,REGS,1.242,1.242,1.24,1.24,1.241,790,,,
2015-05-29T00:00:00,ALR,REGS,1.25,1.25,1.24,1.24,1.245,190,,,
2015-06-02T00:00:00,ALR,REGS,1.24,1.24,1.22,1.22,1.227,3921,,,
2015-06-03T00:00:00,ALR,REGS,1.22,1.22,1.16,1.162,1.18,10510,,,
2015-06-04T00:00:00,ALR,REGS,1.162,1.162,1.162,1.162,1.162,290,,,
2015-06-08T00:00:00,ALR,REGS,1.162,1.2,1.162,1.2,1.198,1510,,,
2015-06-09T00:00:00,ALR,REGS,1.17,1.17,1.17,1.17,1.17,100,,,
2015-06-12T00:00:00,ALR,REGS,1.218,1.219,1.218,1.218,1.219,640,,,
2015-06-15T00:00:00,ALR,REGS,1.219,1.219,1.219,1.219,1.219,710,,,
2015-06-17T00:00:00,ALR,REGS,1.2,1.2,1.2,1.2,1.2,300,,,
2015-06-18T00:00:00,ALR,REGS,1.19,1.19,1.18,1.18,1.18,5000,,,
2015-06-19T00:00:00,ALR,REGS,1.2,1.2,1.2,1.2,1.2,140,,,
2015-06-23T00:00:00,ALR,REGS,1.185,1.185,1.172,1.172,1.175,4200,,,
2015-06-24T00:00:00,ALR,REGS,1.2,1.2,1.172,1.172,1.184,510,,,
2015-06-25T00:00:00,ALR,REGS,1.175,1.175,1.171,1.171,1.172,12544,,,
2015-06-26T00:00:00,ALR,REGS,1.175,1.175,1.175,1.175,1.175,10,,,
2015-06-29T00:00:00,ALR,REGS,1.19,1.19,1.19,1.19,1.19,2000,,,
2015-06-30T00:00:00,ALR,REGS,1.2,1.2,1.2,1.2,1.2,9,,1,
2015-07-01T00:00:00,ALR,REGS,1.2,1.29,1.2,1.28,1.262,4900,,13,
2015-07-02T00:00:00,ALR,REGS,1.289,1.335,1.289,1.33,1.309,10769,,14,
2015-07-06T00:00:00,ALR,REGS,1.3,1.3,1.3,1.3,1.3,500,,1,
2015-07-07T00:00:00,ALR,REGS,1.231,1.231,1.2,1.2,1.201,16070,,27,
2015-07-08T00:00:00,ALR,REGS,1.2,1.2,1.199,1.2,1.2,11670,,6,
2015-07-09T00:00:00,ALR,REGS,1.2,1.2,1.2,1.2,1.2,5000,,3,
2015-07-10T00:00:00,ALR,REGS,1.2,1.2,1.2,1.2,1.2,10130,,14,
2015-07-13T00:00:00,ALR,REGS,1.238,1.25,1.207,1.207,1.234,638,,5,
2015-07-14T00:00:00,ALR,REGS,1.208,1.208,1.2,1.2,1.205,1591,,7,
2015-07-15T00:00:00,ALR,REGS,1.2,1.2,1.199,1.2,1.2,10517,,8,
2015-07-16T00:00:00,ALR,REGS,1.2,1.2,1.19,1.19,1.196,2200,,4,
2015-07-20T00:00:00,ALR,REGS,1.203,1.239,1.2,1.239,1.202,6143,,14,
2015-07-21T00:00:00,ALR,REGS,1.239,1.239,1.2,1.2,1.21,390,,6,
2015-07-22T00:00:00,ALR,REGS,1.24,1.24,1.24,1.24,1.24,3,,1,
2015-07-23T00:00:00,ALR,REGS,1.23,1.23,1.23,1.23,1.23,3000,,3,
2015-07-24T00:00:00,ALR,REGS,1.202,1.202,1.202,1.202,1.202,273,,2,
2015-07-27T00:00:00,ALR,REGS,1.203,1.203,1.202,1.203,1.203,1260,,5,
2015-07-28T00:00:00,ALR,REGS,1.239,1.24,1.2,1.2,1.202,23140,,32,
2015-07-29T00:00:00,ALR,REGS,1.23,1.23,1.23,1.23,1.23,6,,1,
2015-07-30T00:00:00,ALR,REGS,1.23,1.264,1.23,1.262,1.239,6365,,11,
2015-08-03T00:00:00,ALR,REGS,1.211,1.211,1.21,1.21,1.21,1500,,2,
2015-08-04T00:00:00,ALR,REGS,1.259,1.259,1.259,1.259,1.259,900,,4,
2015-08-06T00:00:00,ALR,REGS,1.216,1.24,1.21,1.21,1.223,6134,,12,
2015-08-07T00:00:00,ALR,REGS,1.256,1.256,1.256,1.256,1.256,1,,1,
2015-08-10T00:00:00,ALR,REGS,1.214,1.214,1.212,1.212,1.213,2000,,4,
2015-08-12T00:00:00,ALR,REGS,1.215,1.237,1.212,1.237,1.218,1840,,5,
2015-08-13T00:00:00,ALR,REGS,1.215,1.215,1.212,1.212,1.214,2100,,5,
2015-08-14T00:00:00,ALR,REGS,1.245,1.257,1.226,1.226,1.247,9754,,15,
2015-08-17T00:00:00,ALR,REGS,1.256,1.298,1.256,1.298,1.291,13889,,39,
2015-08-18T00:00:00,ALR,REGS,1.299,1.35,1.274,1.35,1.314,15030,,25,
2015-08-19T00:00:00,ALR,REGS,1.35,1.552,1.35,1.51,1.494,40846,,96,
2015-08-20T00:00:00,ALR,REGS,1.46,1.529,1.455,1.455,1.488,10732,,19,
2015-08-21T00:00:00,ALR,REGS,1.455,1.5,1.401,1.5,1.435,7401,,23,
2015-08-24T00:00:00,ALR,REGS,1.411,1.425,1.3,1.305,1.339,28814,,64,
2015-08-25T00:00:00,ALR,REGS,1.301,1.375,1.3,1.373,1.344,2776,,42,
2015-08-26T00:00:00,ALR,REGS,1.323,1.382,1.323,1.33,1.345,3,,3,
2015-08-27T00:00:00,ALR,REGS,1.384,1.44,1.331,1.343,1.356,4107,,15,
2015-08-28T00:00:00,ALR,REGS,1.344,1.346,1.344,1.346,1.344,1001,,3,
2015-09-01T00:00:00,ALR,REGS,1.35,1.35,1.34,1.34,1.341,5447,,11,
2015-09-02T00:00:00,ALR,REGS,1.399,1.399,1.344,1.344,1.399,201,,3,
2015-09-03T00:00:00,ALR,REGS,1.345,1.4,1.345,1.4,1.382,3,,2,
2015-09-04T00:00:00,ALR,REGS,1.4,1.4,1.344,1.344,1.345,108,,4,
2015-09-07T00:00:00,ALR,REGS,1.344,1.344,1.344,1.344,1.344,180,,1,
2015-09-08T00:00:00,ALR,REGS,1.346,1.348,1.346,1.348,1.346,2500,,2,
2015-09-09T00:00:00,ALR,REGS,1.39,1.429,1.35,1.355,1.402,4283,,11,
2015-09-11T00:00:00,ALR,REGS,1.38,1.399,1.375,1.399,1.387,3504,,5,
2015-09-14T00:00:00,ALR,REGS,1.4,1.429,1.371,1.429,1.4,1414,,15,
2015-09-16T00:00:00,ALR,REGS,1.429,1.43,1.4,1.4,1.429,301,,4,
2015-09-17T00:00:00,ALR,REGS,1.42,1.437,1.4,1.437,1.429,2754,,12,
2015-09-18T00:00:00,ALR,REGS,1.437,1.46,1.4,1.46,1.447,5600,,17,
2015-09-21T00:00:00,ALR,REGS,1.41,1.41,1.41,1.41,1.41,645,,3,
2015-09-22T00:00:00,ALR,REGS,1.415,1.415,1.385,1.39,1.39,3811,,7,
2015-09-24T00:00:00,ALR,REGS,1.43,1.43,1.39,1.39,1.4,8328,,4,
2015-09-28T00:00:00,ALR,REGS,1.39,1.39,1.375,1.375,1.38,290,,4,
2015-09-29T00:00:00,ALR,REGS,1.375,1.375,1.375,1.375,1.375,200,,1,
2015-09-30T00:00:00,ALR,REGS,1.375,1.41,1.375,1.39,1.375,202,,4,
2015-10-01T00:00:00,ALR,REGS,1.42,1.42,1.42,1.42,1.42,1,,1,
2015-10-02T00:00:00,ALR,REGS,1.385,1.4,1.385,1.4,1.385,249,,2,
2015-10-05T00:00:00,ALR,REGS,1.385,1.4,1.385,1.4,1.385,2201,,2,
2015-10-06T00:00:00,ALR,REGS,1.39,1.42,1.39,1.42,1.4,150,,3,
2015-10-08T00:00:00,ALR,REGS,1.4,1.45,1.395,1.45,1.415,2951,,8,
2015-10-09T00:00:00,ALR,REGS,1.405,1.47,1.405,1.47,1.405,110,,5,
2015-10-13T00:00:00,ALR,REGS,1.41,1.45,1.405,1.45,1.405,501,,3,
2015-10-14T00:00:00,ALR,REGS,1.41,1.45,1.41,1.45,1.43,2,,2,
2015-10-15T00:00:00,ALR,REGS,1.45,1.46,1.415,1.46,1.44,1987,,9,
2015-10-16T00:00:00,ALR,REGS,1.46,1.465,1.415,1.465,1.43,483,,6,
2015-10-21T00:00:00,ALR,REGS,1.45,1.45,1.45,1.45,1.45,7,,1,
2015-10-22T00:00:00,ALR,REGS,1.46,1.46,1.46,1.46,1.46,1,,1,
2015-10-23T00:00:00,ALR,REGS,1.465,1.465,1.465,1.465,1.465,1,,1,
2015-10-26T00:00:00,ALR,REGS,1.44,1.465,1.4,1.465,1.405,8501,,15,
2015-10-27T00:00:00,ALR,REGS,1.4,1.465,1.4,1.45,1.4,2110,,9,
2015-10-28T00:00:00,ALR,REGS,1.455,1.455,1.4,1.455,1.4,2924,,5,
2015-10-29T00:00:00,ALR,REGS,1.4,1.455,1.37,1.455,1.375,7081,,17,
2015-10-30T00:00:00,ALR,REGS,1.375,1.455,1.375,1.455,1.39,6,,2,
2015-11-02T00:00:00,ALR,REGS,1.39,1.45,1.385,1.45,1.39,1001,,4,
2015-11-03T00:00:00,ALR,REGS,1.44,1.45,1.44,1.45,1.44,50,,2,
2015-11-05T00:00:00,ALR,REGS,1.4,1.44,1.4,1.44,1.4,51,,2,
2015-11-06T00:00:00,ALR,REGS,1.43,1.44,1.38,1.44,1.4,1577,,12,
2015-11-09T00:00:00,ALR,REGS,1.4,1.4,1.4,1.4,1.4,2397,,6,
2015-11-11T00:00:00,ALR,REGS,1.4,1.4,1.37,1.4,1.38,602,,11,
2015-11-12T00:00:00,ALR,REGS,1.38,1.38,1.38,1.38,1.38,450,,4,
2015-11-13T00:00:00,ALR,REGS,1.4,1.4,1.37,1.4,1.37,3146,,13,
2015-11-16T00:00:00,ALR,REGS,1.37,1.4,1.37,1.4,1.38,4,,3,
2015-11-17T00:00:00,ALR,REGS,1.4,1.435,1.4,1.415,1.4,1475,,4,
2015-11-18T00:00:00,ALR,REGS,1.4,1.4,1.4,1.4,1.4,400,,3,
2015-11-23T00:00:00,ALR,REGS,1.38,1.4,1.37,1.4,1.375,851,,8,
