Siruta,Localitate,Diferenta_Barbati_Femei
1017,Municipiul Alba Iulia,19589.65
88216,Batrana,-176.9
3841,Ceru-Bacainti,-372.65
88920,Bulzestii De Sus,-408.9
51662,Brebu Nou,-432.1
12402,Sistarovat,-462.55
155662,Bara,-468.35
89026,Bunila,-468.35
158608,Secas,-545.2
90066,Lelese,-569.85
48165,Pardosi,-580.0
89151,Cerbal,-669.9
156035,Bogda,-675.7
111220,Ciresu,-711.95
116224,Cozma,-778.65
133866,Jugureni,-783.0
6627,Ramet,-785.9
63161,Dumbraveni,-814.9
46108,Chiliile,-822.15
6397,Ponor,-835.2
111818,Godeanu,-843.9
161133,Pardina,-845.35
6119,Ocolis,-855.5
72604,Gogosu,-881.6
145382,Rau Sadului,-885.95
4981,Intregalde,-909.15
47417,Margaritesti,-938.15
6164,Ohaba,-978.75
52035,Ciudanovita,-986.0
86749,Carjiti,-986.0
160047,Ceatalchioi,-1000.5
58990,Ploscos,-1000.5
53327,Mehadica,-1009.2
156151,Brestovat,-1009.2
115600,Bala,-1020.8
129503,Topana,-1023.7
70968,Botosesti-Paia,-1030.95
11307,Ignesti,-1045.45
50987,Ocna De Fier,-1049.8
50068,Valea Salciei,-1081.7
144866,Ludos,-1081.7
63170,Vulturu,-1086.05
54485,Valiug,-1115.05
91535,Toplita,-1116.5
100709,Ciocarlia,-1132.45
40991,Fundata,-1138.25
120174,Vetca,-1145.5
52954,Goruia,-1146.95
92097,Vorta,-1149.85
174496,Titesti,-1165.8
45888,Canesti,-1174.5
5826,Mogos,-1177.4
89080,Burjuc,-1187.55
161231,Sfantu Gheorghe,-1212.2
153909,Rasmiresti,-1222.35
112959,Podeni,-1225.25
48021,Odaile,-1238.3
87843,Balsa,-1242.65
115771,Bichis,-1249.9
126905,Fagetelu,-1251.35
159883,C.a. Rosetti,-1255.7
54699,Zorlentu Mare,-1258.6
129317,Tatulesti,-1260.05
12288,Silindia,-1268.75
179604,Poienile Izei,-1281.8
90119,Lunca Cernii De Jos,-1286.15
135681,Tataru,-1291.95
118637,Papiu Ilarian,-1296.3
47818,Murgesti,-1300.65
116340,Craiesti,-1315.15
143067,Zalha,-1318.05
110688,Balvanesti,-1323.85
91731,General Berthelot,-1331.1
11478,Moneasa,-1334.0
16329,Dambovicioara,-1341.25
144410,Bruiu,-1344.15
144893,Marpod,-1347.05
112904,Dubova,-1354.3
172812,Runcu,-1355.75
60026,Valea Ierii,-1358.65
102641,Dragoesti,-1360.1
174520,Mitrofani,-1368.8
3397,Blandiana,-1374.6
160779,Maliuc,-1380.4
113607,Svinita,-1393.45
65147,Dalnic,-1402.15
141884,Lozna,-1402.15
74135,Seaca De Padure,-1413.75
113153,Poroina Mare,-1416.65
51840,Carbunari,-1425.35
3761,Cenade,-1425.35
119858,Taureni,-1429.7
53069,Lapusnicel,-1439.85
17913,Poienarii De Arges,-1448.55
4268,Dostat,-1448.55
143147,Zimbor,-1455.8
90262,Martinesti,-1457.25
63553,Comandau,-1465.95
152270,Bujoreni,-1470.3
34422,Silivasu De Campie,-1471.75
157969,Ohaba Lunga,-1476.1
132841,Cosminele,-1486.25
107047,Arinis,-1500.75
179631,Treznea,-1500.75
45334,Blajani,-1502.2
110027,Obarsia-Closani,-1502.2
110456,Balta,-1505.1
128882,Samburesti,-1509.45
91447,Tomesti,-1510.9
179793,Buesti,-1512.35
135128,Salcia,-1512.35
55598,Aiton,-1512.35
135654,Talea,-1515.25
46439,Colti,-1518.15
6592,Rametea,-1523.95
107234,Bicaz,-1525.4
74171,Secu,-1532.65
9887,Bata,-1535.55
51984,Ciuchici,-1537.0
140477,Carastelec,-1538.45
158136,Pietroasa,-1542.8
6468,Posaga,-1544.25
64504,Malnas,-1545.7
125677,Baldovinesti,-1550.05
84380,Darjiu,-1550.05
42076,Ticusu,-1560.2
53345,Naidas,-1570.35
142499,Rus,-1571.8
45389,Bozioru,-1573.25
127858,Oporelu,-1576.15
88350,Blajeni,-1579.05
49019,Robeasca,-1586.3
53210,Marga,-1587.75
42480,Dragus,-1597.9
179999,Moldoveni,-1608.05
6271,Poiana Vadului,-1609.5
145042,Mihaileni,-1610.95
153437,Necsesti,-1613.85
43698,Racovita,-1619.65
113698,Sovarna,-1626.9
58794,Palatca,-1629.8
107430,Boiu Mare,-1632.7
20048,Raca,-1635.6
31379,Sinteu,-1639.95
33845,Micestii De Campie,-1644.3
14726,Botesti,-1644.3
52062,Copacele,-1647.2
15554,Ciomagesti,-1663.15
55106,Jichisu De Jos,-1668.95
90431,Pestisu Mic,-1670.4
161286,Smardan,-1671.85
87246,Banita,-1671.85
65099,Valea Mare,-1673.3
65154,Estelnic,-1674.75
51626,Brebu,-1674.75
63326,Gradina,-1676.2
179971,Colelia,-1677.65
10346,Carand,-1682.0
144508,Carta,-1682.0
11762,Plescuta,-1683.45
154166,Sfintesti,-1687.8
54163,Sopotu Nou,-1687.8
31208,Spinus,-1690.7
54573,Vrani,-1695.05
63278,Horia,-1700.85
140583,Coseiu,-1708.1
86222,Ulies,-1708.1
157193,Ghizela,-1709.55
108366,Oarta De Jos,-1715.35
91054,Sarmizegetusa,-1724.05
103568,Gurbanesti,-1725.5
161525,I.c.bratianu,-1734.2
4703,Hoparta,-1735.65
4008,Ciuruleasa,-1737.1
101243,Brazii,-1741.45
173132,Stanesti,-1745.8
179953,Ciceu- Mihaiesti,-1747.25
10649,Dezna,-1748.7
132459,Calugareni,-1750.15
133919,Lapos,-1750.15
91937,Valisoara,-1754.5
127901,Optasi-Magura,-1754.5
55623,Alunis,-1755.95
179695,Simisna,-1755.95
152724,Didesti,-1758.85
112263,Ilovat,-1763.2
64568,Moacsa,-1764.65
135226,Secaria,-1774.8
10239,Brazii,-1777.7
132137,Aricestii Zeletin,-1777.7
130384,Soparlita,-1777.7
11174,Halmagel,-1777.7
117505,Hodosa,-1779.15
171469,Milcoiu,-1780.6
142373,Poiana Blenchii,-1782.05
111916,Greci,-1787.85
160261,Crisan,-1789.3
153972,Saceni,-1789.3
112806,Padina,-1799.45
78668,Arcani,-1799.45
120511,Bereni,-1809.6
126674,Dobretu,-1815.4
140770,Cristolt,-1818.3
85467,Sacel,-1818.3
180019,Sarateni,-1819.75
73013,Macesu De Sus,-1822.65
51387,Berliste,-1824.1
138770,Sacaseni,-1824.1
74956,Talpas,-1825.55
156589,Curtea,-1827.0
127714,Nicolae Titulescu,-1828.45
9019,Cut,-1840.05
11236,Hasmas,-1840.05
5167,Livezile,-1842.95
72980,Macesu De Jos,-1844.4
56327,Buza,-1856.0
112129,Husnicioara,-1856.0
92783,Albesti,-1858.9
74705,Verbita,-1860.35
111417,Corlatel,-1860.35
33881,Milas,-1861.8
2309,Almasu Mare,-1866.15
90805,Ribita,-1870.5
113518,Stangaceaua,-1880.65
120343,Zagar,-1890.8
52758,Ezeris,-1890.8
52721,Domasnea,-1898.05
168755,Boisoara,-1903.85
96664,Cucuteni,-1906.75
48922,Racoviteni,-1906.75
70986,Brabova,-1906.75
10417,Chisindia,-1909.65
65105,Mereni,-1911.1
112334,Ilovita,-1914.0
143922,Apoldu De Jos,-1916.9
155092,Beuca,-1919.8
107083,Asuaju De Sus,-1919.8
179855,Gardani,-1921.25
56014,Belis,-1924.15
6547,Radesti,-1924.15
144535,Cartisoara,-1925.6
32045,Viisoara,-1927.05
90725,Rachitova,-1928.5
85243,Ocland,-1931.4
27506,Boianu Mare,-1931.4
62823,Saraiu,-1935.75
28889,Cristioru De Jos,-1941.55
179944,Runcu Salvei,-1947.35
74931,Plesoi,-1947.35
73852,Radovan,-1948.8
160476,Hamcearca,-1953.15
178965,Spulber,-1953.15
50564,Florica,-1958.95
141027,Dragu,-1963.3
43929,Scortaru Nou,-1966.2
19212,Teiu,-1967.65
118094,Magherani,-1967.65
179882,Ciumesti,-1974.9
49233,Sarulesti,-1976.35
85056,Meresti,-1977.8
74891,Galiciuica,-1979.25
94606,Ulmu,-1979.25
31057,Sambata,-1980.7
60099,Vultureni,-1982.15
101519,Bulbucata,-1982.15
141081,Fildu De Jos,-1989.4
8229,Vadu Motilor,-1993.75
125757,Barasti,-1999.55
59130,Recea-Cristur,-2001.0
56265,Borsa,-2002.45
57449,Cornesti,-2003.9
11664,Petris,-2003.9
74867,Carna,-2005.35
59498,Sanmartin,-2006.8
113466,Rogova,-2006.8
51546,Bolvasnita,-2016.95
129718,Vadastra,-2018.4
111587,Dumbrava,-2019.85
159482,Valcani,-2019.85
179677,Camin,-2035.8
127411,Leleasca,-2038.7
179917,Rau Alb,-2043.05
107190,Basesti,-2043.05
160458,Grindu,-2044.5
154978,Zambreasca,-2044.5
179837,Coas,-2047.4
116395,Cucerdea,-2050.3
71340,Bulzesti,-2050.3
118511,Neaua,-2053.2
139937,Agrij,-2053.2
174511,Lacusteni,-2053.2
43117,Frecatei,-2054.65
76932,Oancea,-2056.1
89687,Gurasada,-2056.1
34477,Sanmihaiu De Campie,-2059.0
10765,Ususau,-2059.0
162559,Blagesti,-2059.0
54500,Varadia,-2060.45
33952,Monor,-2060.45
154308,Sarbeni,-2061.9
66955,Cornatelu,-2067.7
89954,Lapugiu De Jos,-2069.15
42472,Holbav,-2070.6
39959,Dimacheni,-2072.05
77601,Suhurlui,-2074.95
175224,Barsesti,-2080.75
110740,Breznita-Motru,-2082.2
61167,Cerchezu,-2082.2
171209,Madulari,-2090.9
12849,Zerind,-2092.35
57546,Dabaca,-2095.25
17771,Nucsoara,-2096.7
52909,Garnic,-2098.15
151451,Ciocanesti,-2099.6
58393,Manastireni,-2101.05
113206,Pristol,-2101.05
81754,Sacelu,-2108.3
160528,Horia,-2114.1
152662,Crangu,-2114.1
157273,Giera,-2115.55
30416,Pocola,-2115.55
57225,Ciurila,-2118.45
169583,Fauresti,-2121.35
112600,Livezile,-2121.35
109425,Vima Mica,-2127.15
130320,Gradinile,-2127.15
40035,Adaseni,-2130.05
151932,Crevenicu,-2130.05
170444,Gusoeni,-2131.5
74224,Silistea Crucii,-2131.5
127563,Milcov,-2132.95
119625,Stanceni,-2134.4
155136,Purani,-2135.85
77260,Smulti,-2137.3
93646,Giurgeni,-2137.3
89348,Densus,-2138.75
130311,Ghimpeteni,-2143.1
139250,Urziceni,-2147.45
28139,Capalna,-2148.9
84148,Corbu,-2148.9
120496,Sarateni,-2151.8
153384,Mosteni,-2154.7
10701,Dieci,-2160.5
74923,Intorsura,-2163.4
59238,Risca,-2166.3
50399,Valcelele,-2166.3
59283,Sacuieu,-2166.3
126825,Dobrun,-2167.75
56096,Bobalna,-2169.2
64005,Brates,-2170.65
53791,Sasca Montana,-2172.1
140244,Benesat,-2172.1
26379,Itesti,-2173.55
151497,Cosna,-2177.9
145907,Tilisca,-2188.05
100308,Draguseni,-2193.85
160323,Dorobantu,-2198.2
42771,Surdila-Greci,-2202.55
62949,Silistea,-2202.55
71812,Cioroiasi,-2202.55
116171,Coroisanmartin,-2202.55
179864,Oncesti,-2204.0
161561,Valea Teilor,-2205.45
127536,Mihaesti,-2208.35
42464,Sambata De Sus,-2214.15
3459,Bucium,-2218.5
79656,Ciuperceni,-2221.4
54537,Vermes,-2224.3
138805,Sauca,-2227.2
125123,Valeni,-2228.65
125141,Pancesti,-2233.0
58918,Petrestii De Jos,-2234.45
151530,Balaceana,-2235.9
130295,Calui,-2235.9
179766,Isvoarele,-2240.25
9832,Archis,-2240.25
6976,Salciua,-2246.05
151709,Ciuperceni,-2247.5
162452,Balteni,-2247.5
57831,Geaca,-2253.3
58204,Izvoru Crisului,-2254.75
74359,Terpezita,-2256.2
130357,Osica De Jos,-2256.2
125132,Draganesti,-2257.65
170097,Ghioroiu,-2259.1
100344,Roscani,-2260.55
2577,Avram Iancu,-2262.0
130348,Ipotesti,-2264.9
88868,Bucuresci,-2264.9
47159,Largu,-2269.25
174254,Voineasa,-2270.7
155957,Barna,-2272.15
179720,Poiana Ilvei,-2272.15
116126,Chiheru De Jos,-2273.6
57163,Ciucea,-2275.05
32955,Ciceu-Giurgesti,-2277.95
58534,Marisel,-2277.95
77561,Radesti,-2279.4
59434,Sancraiu,-2279.4
155154,Uda-Clocociov,-2280.85
13891,Albestii De Muscel,-2282.3
72882,Izvoare,-2283.75
162791,Bogdanita,-2283.75
88546,Branisca,-2285.2
174218,Voicesti,-2285.2
115236,Atintis,-2286.65
155118,Fantanele,-2288.1
29760,Lazuri De Beius,-2291.0
144964,Merghindeal,-2292.45
161348,Stejaru,-2293.9
64238,Chichis,-2296.8
58464,Margau,-2299.7
167222,Ibanesti,-2305.5
132645,Chiojdeanca,-2306.95
162069,Alexandru Vlahuta,-2309.85
155724,Beba Veche,-2309.85
138538,Pir,-2311.3
42449,Sinca Noua,-2314.2
175260,Boghesti,-2315.65
179980,Marculesti,-2315.65
178947,Obrejita,-2320.0
65113,Arcus,-2320.0
53639,Ramna,-2321.45
17334,Mioarele,-2321.45
6930,Rosia De Secas,-2321.45
155546,Balint,-2321.45
55776,Aschileu,-2322.9
53755,Sacu,-2325.8
53700,Eftimie Murgu,-2325.8
51948,Ciclova Romana,-2327.25
147205,Breaza,-2330.15
156534,Criciova,-2331.6
126772,Dobroteasa,-2331.6
12912,Dorobanti,-2333.05
140084,Babeni,-2337.4
128436,Priseaca,-2341.75
130286,Balteni,-2346.1
119803,Sincai,-2347.55
162595,Bogdana,-2350.45
155109,Dracea,-2353.35
4302,Farau,-2353.35
18581,Sapata,-2357.7
104341,Nicolae Balcescu,-2359.15
3805,Cergau,-2360.6
113929,Vladaia,-2363.5
155083,Beciu,-2363.5
63334,Fantanele,-2366.4
92907,Balaciu,-2366.4
72819,Grecesti,-2367.85
162149,Arsura,-2369.3
144376,Bradeni,-2375.1
86495,Racu,-2376.55
123709,Poienari,-2376.55
120502,Madaras,-2379.45
172279,Pesceana,-2379.45
44989,Balaceanu,-2379.45
137363,Cehal,-2385.25
176551,Jitia,-2388.15
108918,Salsig,-2389.6
74883,Dobrotesti,-2389.6
179800,Maia,-2393.95
80506,Hurezani,-2395.4
70673,Amarastii De Sus,-2396.85
128962,Spineni,-2399.75
73246,Mischii,-2399.75
154068,Scurtu Mare,-2399.75
159847,Beidaud,-2401.2
78828,Barbatesti,-2402.65
8425,Vidra,-2404.1
159393,Fibis,-2405.55
72409,Ghercesti,-2411.35
12457,Taut,-2414.25
59657,Suatu,-2418.6
126228,Colonesti,-2418.6
54350,Tarnova,-2421.5
23868,Oncesti,-2422.95
63777,Aita Mare,-2422.95
154344,Slobozia Mandra,-2425.85
97777,Madarjac,-2428.75
52570,Dalboset,-2430.2
86311,Varsag,-2430.2
140958,Dobrin,-2431.65
178885,Negrilesti,-2433.1
157923,Nitchidorf,-2434.55
73594,Perisor,-2436.0
62985,Targusor,-2436.0
92177,Zam,-2436.0
146021,Boita,-2437.45
7197,Scarisoara,-2438.9
83428,Oras Baile Tusnad,-2441.8
142676,Sanmihaiu Almasului,-2441.8
12572,Varadia De Mures,-2443.25
23127,Izvoru Berheciului,-2447.6
127812,Oboga,-2450.5
154914,Viisoara,-2453.4
53103,Lapusnicu Mare,-2457.75
4525,Garda De Sus,-2459.2
113974,Voloiac,-2459.2
151996,Balaci,-2463.55
140440,Camar,-2467.9
143995,Atel,-2469.35
126102,Cezieni,-2470.8
74732,Vartop,-2473.7
104975,Schitu,-2476.6
40544,Beclean,-2478.05
167268,Ciocani,-2479.5
102838,Frasinet,-2483.85
140869,Cuzaplac,-2483.85
159516,Bucovat,-2492.55
167311,Pochidia,-2495.45
2381,Arieseni,-2496.9
130339,Gura Padinii,-2498.35
136269,Vadu Sapat,-2502.7
80677,Lelesti,-2508.5
157736,Manastiur,-2509.95
159446,Padureni,-2512.85
81987,Schela,-2512.85
130375,Visina Noua,-2512.85
58856,Panticeu,-2512.85
116723,Faragau,-2520.1
52785,Farliug,-2521.55
61808,Garliciu,-2523.0
132486,Carbunesti,-2524.45
94731,Valcelele,-2525.9
156927,Fardea,-2527.35
74242,Sopot,-2530.25
167259,Pogonesti,-2531.7
51305,Bania,-2534.6
117275,Grebenisu De Campie,-2536.05
159491,Livezile,-2541.85
97394,Grozesti,-2546.2
171101,Maciuca,-2547.65
52115,Cornea,-2562.15
77587,Poiana,-2563.6
170685,Ladesti,-2563.6
129282,Stefan Cel Mare,-2566.5
81656,Samarinesti,-2567.95
120478,Chibed,-2567.95
64719,Poian,-2570.85
175439,Bordesti,-2570.85
132379,Boldesti-Gradistea,-2572.3
152797,Dracsenei,-2572.3
90208,Luncoiu De Jos,-2573.75
112744,Obarsia De Camp,-2576.65
47854,Naeni,-2581.0
125490,Draghiceni,-2585.35
16427,Dobresti,-2585.35
52856,Forotic,-2586.8
71723,Cernatesti,-2589.7
118753,Pasareni,-2591.15
93325,Dichiseni,-2592.6
103309,Gogosari,-2594.05
163208,Cretesti,-2596.95
105794,Valea Macrisului,-2596.95
154415,Stejaru,-2598.4
161151,Peceneaga,-2599.85
167286,Dodesti,-2604.2
7446,Sohodol,-2605.65
77288,Suceveni,-2605.65
34360,Romuli,-2607.1
30871,Sacadat,-2610.0
172509,Racovita,-2612.9
120316,Voivodeni,-2612.9
157004,Foeni,-2612.9
122285,Dobreni,-2620.15
11637,Peregu Mare,-2620.15
41346,Lisa,-2623.05
141786,Letca,-2625.95
168309,Amarasti,-2627.4
74915,Ghindeni,-2630.3
143502,Poplaca,-2631.75
14753,Bradulet,-2633.2
63045,Topalu,-2633.2
6048,Noslac,-2634.65
166707,Viisoara,-2634.65
78542,Alimpesti,-2637.55
127322,Icoana,-2640.45
65121,Bixad,-2640.45
59826,Taga,-2640.45
171021,Malaia,-2643.35
175787,Corbita,-2644.8
154736,Traian,-2644.8
101724,Cascioarele,-2646.25
137899,Homoroade,-2647.7
161552,Bestepe,-2649.15
97553,Ipatele,-2652.05
100282,Costesti,-2654.95
142854,Samsud,-2659.3
10051,Barsa,-2659.3
28193,Carpinet,-2660.75
43242,Gemenele,-2665.1
43787,Romanu,-2668.0
62609,Pantelimon,-2669.45
135146,Salciile,-2673.8
88047,Bacia,-2673.8
113894,Vanjulet,-2673.8
76638,Jorasti,-2676.7
118931,Rastolita,-2676.7
66401,Bilciuresti,-2678.15
93236,Cosambesti,-2679.6
64997,Varghis,-2682.5
143888,Altina,-2682.5
36649,Cordareni,-2683.95
65139,Micfalau,-2685.4
145738,Seica Mica,-2686.85
28077,Cabesti,-2686.85
32195,Gepiu,-2686.85
159525,Otelec,-2688.3
98738,Romanesti,-2691.2
74108,Seaca De Camp,-2691.2
68565,Pucheni,-2691.2
17423,Moraresti,-2692.65
74616,Vela,-2695.55
125169,Negresti,-2695.55
114060,Branistea,-2710.05
154521,Talpa,-2711.5
135404,Surani,-2712.95
56773,Catina,-2714.4
52936,Glimboca,-2715.85
85877,Subcetate,-2717.3
107118,Baita De Sub Codru,-2718.75
94688,Valea Ciorii,-2720.2
43992,Silistea,-2720.2
14352,Beleti-Negresti,-2723.1
46251,Cilibia,-2724.55
4106,Calnic,-2726.0
128864,Seaca,-2730.35
120218,Viisoara,-2734.7
110571,Bacles,-2739.05
10006,Birchis,-2739.05
69394,Visinesti,-2739.05
88788,Buces,-2740.5
86487,Porumbeni,-2741.95
69447,Varfuri,-2741.95
36532,Concesti,-2741.95
149584,Musenita,-2743.4
152412,Calmatuiu,-2743.4
167231,Fruntiseni,-2746.3
130366,Sarbii - Magura,-2749.2
139054,Terebesti,-2753.55
70566,Almaj,-2760.8
38376,Mitoc,-2762.25
91624,Totesti,-2763.7
144456,Chirpar,-2768.05
94492,Stelnica,-2768.05
15983,Cotmeana,-2769.5
175126,Andreiasu De Jos,-2770.95
136250,Olari,-2770.95
103354,Gostinu,-2773.85
130302,Gavanesti,-2775.3
125105,Ruginoasa,-2778.2
113233,Prunisor,-2784.0
83375,Pauleni-Ciuc,-2786.9
113849,Vanatori,-2786.9
94456,Sfantu Gheorghe,-2786.9
180037,Boghis,-2788.35
154709,Toporu,-2789.8
138618,Pomi,-2791.25
63189,Tortoman,-2791.25
138501,Petresti,-2792.7
114079,Vrata,-2792.7
103693,Iepuresti,-2798.5
64461,Lemnia,-2798.5
180000,Platonesti,-2801.4
115824,Bogata,-2802.85
147713,Carlibaba,-2805.75
176891,Naruja,-2808.65
52650,Doclin,-2813.0
137728,Foieni,-2813.0
22111,Damienesti,-2813.0
174502,Diculesti,-2817.35
53728,Rusca Montana,-2820.25
120076,Vargata,-2831.85
152314,Bujoru,-2833.3
35312,Urmenis,-2833.3
16506,Draganu,-2834.75
80427,Godinesti,-2839.1
19392,Uda,-2842.0
32768,Budesti,-2843.45
80365,Glogova,-2844.9
126503,Cungrea,-2849.25
170168,Glavile,-2852.15
74875,Cotofenii Din Fata,-2859.4
80908,Musetesti,-2862.3
178910,Paulesti,-2862.3
126077,Bucinisu,-2862.3
128301,Poboru,-2866.65
53489,Coronini,-2868.1
88449,Bosorod,-2873.9
146012,Alma,-2873.9
116439,Cuci,-2875.35
90663,Rapoltu Mare,-2875.35
178313,Valea Sarii,-2875.35
172947,Scundu,-2876.8
120138,Vatava,-2878.25
86339,Voslabeni,-2884.05
74842,Catane,-2886.95
171272,Maldaresti,-2886.95
105348,Stoenesti,-2889.85
94081,Movila,-2892.75
152993,Frumoasa,-2894.2
40820,Cincu,-2895.65
133429,Gherghita,-2898.55
30648,Rabagani,-2900.0
179828,Rosiori,-2900.0
54305,Ticvaniu Mare,-2901.45
139287,Valea Vinului,-2901.45
175206,Balesti,-2905.8
179757,Herasti,-2905.8
39658,Viisoara,-2907.25
11502,Olari,-2908.7
163903,Gagesti,-2908.7
167035,Vutcani,-2908.7
55311,Sandulesti,-2911.6
169547,Dragoesti,-2911.6
46554,Cozieni,-2914.5
121386,Bira,-2915.95
18162,Popesti,-2920.3
64425,Ilieni,-2920.3
61452,Comana,-2927.55
134899,Provita De Sus,-2930.45
83151,Bradesti,-2933.35
105142,Slobozia Moara,-2933.35
42498,Augustin,-2933.35
140208,Banisor,-2933.35
118824,Pogaceaua,-2934.8
59942,Vad,-2937.7
100362,Ciohorani,-2937.7
43732,Ramnicelu,-2944.95
33177,Cosbuc,-2949.3
51699,Buchin,-2949.3
129914,Vitomiresti,-2950.75
72506,Giubega,-2958.0
133278,Fantanele,-2959.45
153865,Radoiesti,-2960.9
111989,Grozesti,-2962.35
108614,Rona De Jos,-2963.8
169404,Danicei,-2966.7
17726,Negrasi,-2968.15
159400,Ghilad,-2971.05
128052,Perieti,-2972.5
39612,Vaculesti,-2976.85
80043,Danciulesti,-2981.2
31921,Uileacu De Beius,-2981.2
2988,Berghin,-2982.65
180055,Crivat,-2982.65
52990,Gradinari,-2984.1
55918,Baisoara,-2985.55
31609,Tarcaia,-2987.0
125114,Ghindaoani,-2987.0
119750,Saulia,-2989.9
77509,Varlezi,-2989.9
177726,Slobozia Ciorasti,-2989.9
160305,Daeni,-2992.8
32153,Tamaseu,-2992.8
75542,Balabanesti,-2992.8
159366,Birda,-2994.25
177101,Paltin,-2994.25
27908,Buduslau,-3001.5
70726,Apele Vii,-3005.85
39942,Lozna,-3005.85
38731,Ripiceni,-3007.3
78926,Berlesti,-3008.75
178475,Vintileasca,-3008.75
167240,Rafaila,-3008.75
149502,Moldova-Sulita,-3008.75
118058,Lunca Bradului,-3010.2
109354,Valea Chioarului,-3013.1
166182,Tanacu,-3013.1
130026,Vladila,-3016.0
131899,Adunati,-3018.9
73772,Predesti,-3023.25
158895,Tomesti,-3030.5
170792,Lapusata,-3030.5
153829,Putineiu,-3031.95
125659,Babiciu,-3031.95
65645,Motaieni,-3031.95
72276,Farcas,-3031.95
61951,Ion Corvin,-3033.4
79497,Capreni,-3034.85
145220,Pauca,-3036.3
32090,Varciorog,-3036.3
32201,Toboliu,-3039.2
162871,Botesti,-3039.2
78748,Balanesti,-3039.2
86883,Ghelari,-3040.65
74073,Scaesti,-3040.65
91688,Turdas,-3042.1
89801,Harau,-3042.1
39983,Blandesti,-3043.55
147884,Crucea,-3046.45
26118,Vultureni,-3046.45
39967,Candesti,-3046.45
16132,Cuca,-3047.9
4767,Horea,-3047.9
161106,Ostrov,-3047.9
110946,Burila Mare,-3047.9
15448,Cicanesti,-3050.8
132011,Apostolache,-3053.7
134336,Pacureti,-3055.15
179622,Grosii Tiblesului,-3055.15
94768,Vlad Tepes,-3056.6
100317,Fantanele,-3056.6
93717,Grindu,-3058.05
78089,Turcinesti,-3059.5
4142,Cricau,-3062.4
41541,Ormenis,-3062.4
136278,Batrani,-3063.85
38848,Romanesti,-3065.3
36373,Braesti,-3068.2
47578,Mihailesti,-3069.65
86501,Satu Mare,-3069.65
4482,Garbova,-3072.55
5755,Miraslau,-3076.9
53675,Racasdia,-3076.9
83963,Capalnita,-3081.25
158804,Stiuca,-3081.25
2130,Albac,-3082.7
94535,Suditi,-3084.15
160172,Chilia Veche,-3087.05
93209,Cocora,-3087.05
117783,Ideciu De Jos,-3087.05
79362,Bumbesti-Pitic,-3088.5
152868,Draganesti De Vede,-3089.95
26920,Oras Nucet,-3089.95
179873,Agris,-3089.95
159375,Checea,-3089.95
151585,Poieni-Solca,-3091.4
104083,Luica,-3092.85
53853,Sichevita,-3094.3
130062,Voineasa,-3095.75
160564,Izvoarele,-3095.75
111097,Cazanesti,-3097.2
27935,Bulz,-3101.55
80613,Jupanesti,-3103.0
112370,Isverna,-3103.0
72150,Dragotesti,-3104.45
86479,Leliceni,-3104.45
163057,Coroiesti,-3105.9
17575,Mozaceni,-3105.9
172581,Roesti,-3107.35
117667,Iclanzel,-3108.8
53023,Iablanita,-3108.8
159071,Traian Vuia,-3111.7
139982,Almasu,-3113.15
63294,Baraganu,-3114.6
4188,Craciunelu De Jos,-3114.6
172894,Salatrucel,-3116.05
75686,Baneasa,-3116.05
101083,Belciugatele,-3118.95
52696,Dognecea,-3118.95
47337,Magura,-3121.85
99922,Tutora,-3121.85
149138,Iacobeni,-3121.85
41943,Soars,-3121.85
90342,Orastioara De Sus,-3129.1
74028,Salcuta,-3134.9
28816,Copacel,-3134.9
141232,Garbou,-3136.35
177879,Tanasoaia,-3137.8
28415,Cetariu,-3143.6
151567,Ciprian Porumbescu,-3143.6
173597,Sutesti,-3147.95
54109,Socol,-3149.4
76763,Namoloasa,-3149.4
123228,Moldoveni,-3150.85
167295,Feresti,-3152.3
129629,Urzica,-3153.75
94795,Vladeni,-3155.2
33729,Magura Ilvei,-3156.65
44257,Tudor Vladimirescu,-3165.35
152467,Calmatuiu De Sus,-3165.35
11735,Pilu,-3165.35
86519,Santimbru,-3172.6
119153,Rusii-Munti,-3176.95
124331,Stanita,-3176.95
36676,Corlateni,-3181.3
124750,Tupilati,-3182.75
64265,Dobarlau,-3182.75
37618,Hanesti,-3185.65
179739,Malu,-3187.1
122613,Faurei,-3187.1
16739,Izvoru,-3188.55
69170,Valea Mare,-3195.8
66223,Barbuletu,-3197.25
130124,Vulpeni,-3200.15
77082,Rediu,-3207.4
152127,Bogdana,-3211.75
86188,Tusnad,-3213.2
80711,Licurici,-3213.2
84237,Danesti,-3214.65
79736,Calnic,-3216.1
41578,Parau,-3216.1
166985,Vulturesti,-3219.0
65707,Gura Foii,-3219.0
161543,Vacareni,-3219.0
42236,Vistea,-3220.45
115708,Beica De Jos,-3221.9
33122,Chiuza,-3223.35
169306,Creteni,-3223.35
154460,Suhaia,-3224.8
26320,Sarata,-3226.25
163253,Danesti,-3227.7
18554,Salatrucu,-3229.15
43279,Gradistea,-3230.6
166315,Tatarani,-3233.5
82136,Stanesti,-3234.95
62903,Seimeni,-3234.95
92872,Andrasesti,-3240.75
149183,Izvoarele Sucevei,-3240.75
59764,Tureni,-3240.75
15313,Cepari,-3242.2
140547,Cizer,-3242.2
112771,Oprisor,-3245.1
144232,Barghis,-3245.1
76004,Corni,-3250.9
160225,Ciucurova,-3252.35
86438,Madaras,-3252.35
144991,Micasasa,-3252.35
156311,Cheveresu Mare,-3255.25
21249,Beresti-Bistrita,-3256.7
122392,Dragomiresti,-3256.7
126380,Coteana,-3256.7
127938,Orlea,-3258.15
145275,Poiana Sibiului,-3261.05
94330,Salcioara,-3261.05
77028,Priponesti,-3265.4
137443,Craidorolt,-3265.4
81816,Saulesti,-3266.85
145961,Valea Viilor,-3268.3
133688,Gura Vadului,-3272.65
177762,Soveja,-3274.1
179926,Rascaeti,-3275.55
41113,Harseni,-3275.55
86446,Cozmeni,-3277.0
155145,Saelele,-3282.8
32179,Sannicolau Roman,-3285.7
133615,Gornet-Cricov,-3287.15
76139,Cuca,-3290.05
45361,Boldu,-3290.05
172153,Perisani,-3291.5
175466,Brosteni,-3292.95
59586,Sanpaul,-3295.85
153124,Lisa,-3295.85
177003,Nistoresti,-3300.2
28610,Ciuhoi,-3300.2
134853,Provita De Jos,-3301.65
12126,Socodor,-3301.65
22488,Filipeni,-3303.1
10453,Conop,-3306.0
119206,Saschiz,-3306.0
46830,Ghergheasa,-3307.45
150702,Ulma,-3308.9
63318,Saligny,-3310.35
42156,Ungra,-3311.8
157585,Margina,-3313.25
126326,Corbu,-3313.25
16613,Harsesti,-3314.7
159507,Pesac,-3319.05
101564,Butimanu,-3320.5
16659,Hartiesti,-3320.5
108794,Sacalaseni,-3323.4
149682,Panaci,-3326.3
73923,Robanesti,-3326.3
127126,Giuvarasti,-3327.75
64773,Reci,-3333.55
38241,Mihalaseni,-3336.45
143021,Varsolt,-3336.45
50549,Unguriu,-3339.35
67942,Malu Cu Flori,-3339.35
123969,Razboieni,-3339.35
21891,Colonesti,-3342.25
74859,Carcea,-3345.15
91116,Salasu De Sus,-3345.15
149851,Poiana Stampei,-3345.15
103470,Greaca,-3346.6
25362,Secuieni,-3346.6
71536,Carpen,-3348.05
79237,Branesti,-3352.4
74411,Teslui,-3352.4
93628,Gheorghe Lazar,-3356.75
82314,Stoina,-3356.75
119661,Suplac,-3358.2
57948,Garbau,-3361.1
129095,Stoenesti,-3361.1
57314,Catcau,-3361.1
77536,Vladesti,-3362.55
15652,Cocu,-3362.55
134755,Predeal-Sarari,-3362.55
49439,Scutelnici,-3366.9
170872,Livezi,-3366.9
156106,Boldur,-3366.9
104788,Rasuceni,-3368.35
71910,Cotofenii Din Dos,-3372.7
174290,Zatreni,-3372.7
64390,Haghig,-3374.15
159437,Parta,-3374.15
103372,Gostinari,-3377.05
137103,Barsau,-3378.5
80560,Ionesti,-3378.5
100870,Armasesti,-3379.95
29662,Husasau De Tinca,-3379.95
154228,Silistea,-3385.75
26361,Prajesti,-3385.75
130231,Vulturesti,-3393.0
126166,Carlogani,-3404.6
15493,Ciofrangeni,-3406.05
119723,Suseni,-3406.05
104715,Putineiu,-3407.5
164829,Malusteni,-3407.5
75613,Balasesti,-3407.5
163379,Delesti,-3410.4
103194,Gaujani,-3411.85
7044,Salistea,-3413.3
177469,Reghiu,-3413.3
151521,Burla,-3420.55
94580,Stefan Voda,-3422.0
42101,Ucea,-3422.0
173686,Sirineasa,-3422.0
28246,Cefa,-3429.25
19114,Stefan Cel Mare,-3429.25
73371,Murgasi,-3430.7
15064,Caldararu,-3432.15
34770,Sieu-Odorhei,-3432.15
17398,Mirosi,-3433.6
179613,Sieu,-3436.5
154996,Nenciulesti,-3436.5
107975,Desesti,-3437.95
125588,Garcov,-3437.95
163324,Deleni,-3439.4
167277,Cozmesti,-3442.3
58357,Maguri-Racatau,-3445.2
151433,Comanesti,-3446.65
129987,Valcele,-3448.1
166137,Suletea,-3449.55
100549,Slobozia,-3449.55
135618,Stefesti,-3452.45
161259,Slava Cercheza,-3452.45
24999,Rosiori,-3453.9
134390,Plopu,-3453.9
154139,Seaca,-3455.35
56354,Caianu,-3459.7
60883,Adamclisi,-3462.6
159339,Voiteg,-3466.95
132226,Balta Doamnei,-3469.85
60169,Negreni,-3469.85
73460,Negoi,-3471.3
72098,Dobresti,-3471.3
107868,Coroieni,-3477.1
74907,Ghidici,-3477.1
100852,Alexeni,-3478.55
85788,Sanmartin,-3481.45
75917,Certesti,-3482.9
59416,Sic,-3487.25
104323,Nana,-3487.25
9026,Bucerdea Granoasa,-3488.7
62878,Sacele,-3488.7
142122,Mirsid,-3490.15
28709,Campani,-3494.5
82243,Stejari,-3497.4
96888,Dobrovat,-3501.75
179908,Pietrari,-3504.65
48227,Panatau,-3504.65
135850,Tinosu,-3504.65
44863,Amaru,-3506.1
176855,Nanesti,-3510.45
145934,Turnu Rosu,-3513.35
139107,Tiream,-3516.25
141134,Galgau,-3517.7
154380,Smardioasa,-3519.15
141312,Halmasd,-3519.15
107154,Baiut,-3519.15
144303,Blajel,-3519.15
179784,Boranesti,-3520.6
27007,Oras Vascau,-3522.05
144615,Hoghilag,-3522.05
14673,Boteni,-3522.05
64906,Valea Crisului,-3523.5
141580,Ileanda,-3526.4
51243,Armenis,-3527.85
125374,Slatioara,-3527.85
137274,Camarzana,-3527.85
72221,Dranic,-3529.3
108240,Leordina,-3530.75
100923,Axintele,-3530.75
23047,Huruiesti,-3532.2
56425,Calarasi,-3538.0
53130,Luncavita,-3539.45
153204,Mavrodin,-3539.45
75668,Baleni,-3539.45
153106,Izvoarele,-3539.45
74949,Rojiste,-3539.45
119386,Sanger,-3542.35
155127,Frasinet,-3543.8
19141,Suici,-3553.95
104118,Mihai Bravu,-3553.95
127625,Morunglav,-3553.95
112995,Ponoarele,-3555.4
28941,Curatele,-3555.4
53425,Paltinis,-3556.85
178956,Rastoaca,-3559.75
44113,Surdila-Gaiseanca,-3564.1
56461,Calatele,-3564.1
149101,Horodnic De Jos,-3564.1
26353,Odobesti,-3565.55
122025,Ceahlau,-3567.0
30844,Rosia,-3568.45
127171,Gradinari,-3571.35
173855,Tetoiu,-3572.8
7810,Sibot,-3572.8
14049,Arefu,-3572.8
129380,Teslui,-3572.8
93021,Bucu,-3581.5
62137,Mereni,-3582.95
179659,Negrilesti,-3582.95
105712,Valea Argovei,-3584.4
45539,Braesti,-3584.4
100754,Adancata,-3587.3
129040,Sprancenata,-3588.75
47630,Manzalesti,-3588.75
157683,Masloc,-3590.2
44462,Visani,-3593.1
45496,Bradeanu,-3594.55
7767,Stremt,-3594.55
53577,Prigor,-3600.35
172992,Sinesti,-3603.25
25745,Tatarasti,-3603.25
170612,Lalosu,-3604.7
154282,Silistea-Gumesti,-3606.15
125150,Gadinti,-3606.15
44934,Balta Alba,-3607.6
153623,Plopii-Slavitesti,-3607.6
151503,Capu Campului,-3609.05
28497,Cherechiu,-3609.05
61675,Deleni,-3610.5
117998,Lunca,-3614.85
21098,Ardeoani,-3614.85
44355,Unirea,-3614.85
93156,Ciulnita,-3616.3
31128,Sarbi,-3617.75
108455,Petrova,-3617.75
100326,Harmanesti,-3619.2
45959,Catina,-3625.0
178929,Biliesti,-3626.45
118370,Mihesu De Campie,-3626.45
122864,Grinties,-3627.9
105455,Tamadau Mare,-3627.9
175509,Chiojdeni,-3630.8
18475,Rociu,-3630.8
160092,Ceamurlia De Jos,-3635.15
150178,Sadova,-3636.6
84460,Galautas,-3638.05
107715,Campulung La Tisa,-3639.5
169119,Caineni,-3645.3
71518,Caraula,-3651.1
33337,Ilva Mare,-3654.0
172698,Rosiile,-3655.45
33275,Galatii Bistritei,-3659.8
115851,Breaza,-3664.15
77126,Scanteiesti,-3665.6
31422,Soimi,-3667.05
57083,Chiuiesti,-3668.5
74750,Varvoru De Jos,-3674.3
158966,Topolovatu Mare,-3678.65
77377,Tepu,-3681.55
137292,Cauas,-3683.0
10104,Barzava,-3687.35
10916,Graniceri,-3690.25
86936,Teliucu Inferior,-3691.7
145471,Sadu,-3694.6
5309,Lunca Muresului,-3697.5
75819,Buciumeni,-3698.95
37850,Leorda,-3706.2
104270,Movilita,-3706.2
11352,Iratosu,-3707.65
125098,Dochia,-3707.65
87745,Baia De Cris,-3710.55
77579,Negrilesti,-3713.45
80249,Dragotesti,-3722.15
82779,Vagiulesti,-3723.6
164062,Garceni,-3730.85
51332,Bautar,-3730.85
25629,Strugari,-3730.85
158396,Remetea Mare,-3730.85
33765,Mariselu,-3732.3
170220,Golesti,-3733.75
63893,Bodoc,-3741.0
111685,Floresti,-3749.7
179775,Sabareni,-3749.7
102446,Daia,-3751.15
99441,Tansa,-3752.6
62020,Istria,-3752.6
47774,Movila Banului,-3754.05
107485,Botiza,-3755.5
41248,Homorod,-3755.5
152582,Cosmesti,-3755.5
142337,Plopis,-3756.95
7945,Spring,-3756.95
93851,Lehliu,-3758.4
34155,Parva,-3761.3
148328,Dragoiesti,-3765.65
115575,Bagaciu,-3768.55
155797,Belint,-3768.55
141535,Horoatu Crasnei,-3771.45
43867,Salcia Tudor,-3772.9
140501,Chiesd,-3772.9
111550,Darvari,-3780.15
72640,Goicea,-3780.15
29341,Dragesti,-3780.15
151549,Hartop,-3783.05
151488,Fantana Mare,-3783.05
140379,Buciumi,-3783.05
171995,Pausesti,-3785.95
54387,Toplet,-3787.4
138734,Santau,-3788.85
151763,Lita,-3788.85
69303,Valeni-Dambovita,-3790.3
116867,Galesti,-3791.75
174085,Valea Mare,-3793.2
85680,Sancraieni,-3797.55
33658,Matei,-3800.45
113625,Sisesti,-3801.9
124563,Tasca,-3801.9
147161,Botosana,-3801.9
116046,Chetani,-3803.35
180046,Gura Ialomitei,-3803.35
164277,Dimitrie Cantemir,-3803.35
9743,Almas,-3806.25
148382,Draguseni,-3810.6
16472,Dragoslavele,-3810.6
72579,Gangiova,-3810.6
112664,Malovat,-3812.05
146708,Oras Solca,-3813.5
171539,Muereasca,-3813.5
125846,Barza,-3813.5
118575,Ogra,-3813.5
42968,Ciocile,-3813.5
127750,Obarsia,-3816.4
126022,Brancoveni,-3819.3
122463,Dulcesti,-3819.3
128659,Schitu,-3825.1
93600,Gheorghe Doja,-3825.1
125178,Boghicea,-3825.1
105295,Stanesti,-3825.1
37100,Dobarceni,-3832.35
73503,Orodel,-3833.8
80766,Logresti,-3835.25
159419,Gottlob,-3838.15
179748,Cosoba,-3839.6
34850,Sieut,-3843.95
180028,Porumbesti,-3848.3
153400,Nasturelu,-3848.3
162924,Bunesti-Averesti,-3852.65
102525,Darasti-Ilfov,-3855.55
29038,Derna,-3855.55
38161,Mihaileni,-3857.0
154754,Trivalea-Mosteni,-3859.9
53167,Lupac,-3862.8
86453,Tomesti,-3868.6
153936,Salcia,-3870.05
137504,Crucisor,-3870.05
170346,Gradistea,-3871.5
94045,Milosesti,-3872.95
64345,Ghidfalau,-3875.85
125999,Brebeni,-3875.85
153062,Gratia,-3875.85
179588,Copaceni,-3877.3
57644,Fizesu Gherlii,-3881.65
83936,Bilbor,-3883.1
136768,Andrid,-3884.55
161053,Nufaru,-3886.0
12689,Varfurile,-3887.45
38456,Nicseni,-3893.25
153240,Magura,-3894.7
40704,Bunesti,-3896.15
79585,Catunele,-3900.5
37173,Draguseni,-3901.95
70520,Afumati,-3904.85
159428,Iecea Mare,-3904.85
38544,Pomarla,-3907.75
42913,Bordei Verde,-3909.2
160831,Mihai Bravu,-3909.2
62486,Oltina,-3910.65
129184,Studina,-3910.65
105222,Sohatu,-3913.55
171931,Otesani,-3915.0
27846,Budureasa,-3917.9
16944,Lunca Corbului,-3917.9
7348,Sancel,-3919.35
153026,Galateni,-3920.8
157781,Moravita,-3928.05
176150,Fitionesti,-3930.95
165069,Oltenesti,-3933.85
129763,Valeni,-3935.3
45619,Breaza,-3936.75
5210,Lopadea Noua,-3938.2
129111,Stoicanesti,-3938.2
141946,Marca,-3941.1
105026,Sinesti,-3942.55
10514,Covasint,-3945.45
30069,Magesti,-3948.35
176338,Gura Calitei,-3949.8
43812,Rosiori,-3952.7
105909,Vedea,-3954.15
61826,Ghindaresti,-3955.6
31841,Tulca,-3959.95
152528,Ciolanesti,-3961.4
41284,Jibert,-3965.75
90994,Romos,-3965.75
141447,Hida,-3967.2
94125,Alexandru Odobescu,-3967.2
59880,Unguras,-3968.65
10373,Cermei,-3973.0
85074,Mihaileni,-3974.45
142550,Salatig,-3974.45
81380,Polovragi,-3977.35
29948,Lunca,-3978.8
12812,Zarand,-3980.25
128560,Rotunda,-3980.25
31565,Tarcea,-3984.6
178279,Urechesti,-3984.6
160724,Mahmudia,-3986.05
38679,Rauseni,-3987.5
73665,Piscu Vechi,-3988.95
9360,Sofronea,-3988.95
154932,Vartoape,-3990.4
106620,Sarasau,-3993.3
97465,Helesteni,-3994.75
82396,Telesti,-3999.1
76111,Costache Negri,-3999.1
136802,Apa,-3999.1
110535,Balacita,-4002.0
173533,Stroesti,-4003.45
104225,Marsa,-4004.9
179846,Coltau,-4006.35
107001,Ardusat,-4007.8
142177,Napradea,-4009.25
30229,Olcea,-4009.25
12920,Frumuseni,-4009.25
40768,Cata,-4010.7
11058,Halmagiu,-4010.7
168675,Berislavesti,-4015.05
18411,Recea,-4015.05
19695,Valea Iasului,-4015.05
34262,Rebra,-4015.05
45245,Bisoca,-4015.05
147465,Bunesti,-4015.05
83491,Oras Borsec,-4019.4
51449,Berzasca,-4019.4
177263,Poiana Cristei,-4020.85
152252,Branceni,-4023.75
112469,Izvoru Barzii,-4023.75
169182,Copaceni,-4025.2
164543,Ivesti,-4026.65
153589,Pietrosani,-4026.65
142710,Somes-Odorhei,-4026.65
87996,Baru,-4029.55
84102,Carta,-4029.55
156767,Dumbrava,-4029.55
56522,Camarasu,-4029.55
164892,Miclesti,-4031.0
94651,Unirea,-4031.0
38321,Mileanca,-4032.45
140672,Creaca,-4035.35
110875,Brosteni,-4035.35
82831,Vladimir,-4036.8
83847,Avramesti,-4038.25
129816,Verguleasa,-4041.15
32161,Paleu,-4042.6
51877,Constantin Daicoviciu,-4044.05
42456,Crizbav,-4045.5
51751,Bucosnita,-4049.85
86461,Ciceu,-4055.65
149780,Partestii De Jos,-4055.65
30014,Madaras,-4060.0
106363,Grosi,-4060.0
30470,Pomezeu,-4060.0
19560,Ungheni,-4060.0
129585,Tufeni,-4060.0
113493,Salcia,-4061.45
128524,Redea,-4061.45
39220,Stiubieni,-4062.9
66526,Candesti,-4064.35
155840,Bethausen,-4064.35
153776,Vitanesti,-4065.8
127224,Grojdibodu,-4065.8
77595,Cuza Voda,-4068.7
163967,Gherghesti,-4071.6
152617,Crangeni,-4071.6
178750,Vrancioaia,-4073.05
168960,Bunesti,-4074.5
20055,Vulturesti,-4077.4
124616,Tazlau,-4077.4
38893,Santa Mare,-4087.55
104421,Nuci,-4089.0
85582,Secuieni,-4089.0
93441,Dorobantu,-4090.45
49313,Scortoasa,-4093.35
94269,Reviga,-4097.7
179935,Persinari,-4097.7
88644,Bretea Romana,-4100.6
34397,Salva,-4104.95
22237,Dealu Morii,-4106.4
159035,Tormac,-4106.4
96904,Dolhesti,-4106.4
5577,Metes,-4107.85
17824,Oarja,-4110.75
119527,Sanpetru De Campie,-4113.65
12938,Zadareni,-4115.1
164197,Hoceni,-4116.55
68253,Morteni,-4116.55
159259,Victor Vlad Delamarina,-4119.45
143959,Arpasu De Jos,-4120.9
160993,Nalbant,-4125.25
91982,Vetel,-4131.05
148872,Galanesti,-4133.95
128221,Plesoiu,-4135.4
137130,Bogdand,-4136.85
63198,Amzacea,-4136.85
47300,Luciu,-4139.75
85289,Plaiesii De Jos,-4142.65
34075,Nuseni,-4142.65
129246,Serbanesti,-4144.1
153295,Mereni,-4145.55
53513,Pojejena,-4148.45
127144,Gostavatu,-4154.25
129898,Visina,-4155.7
85626,Siculeni,-4155.7
167641,Oras Baile Govora,-4158.6
105776,Valea Dragului,-4160.05
21560,Bogdanesti,-4161.5
6761,Rosia Montana,-4162.95
39532,Unteni,-4170.2
119590,Solovastru,-4171.65
108491,Remetea Chioarului,-4173.1
30719,Remetea,-4174.55
106648,Vadu Izei,-4174.55
102473,Dascalu,-4177.45
72463,Gighera,-4177.45
171879,Orlesti,-4181.8
145998,Vurpar,-4183.25
96593,Cozmesti,-4183.25
154790,Troianul,-4184.7
112076,Hinova,-4186.15
74509,Tuglui,-4187.6
61005,Aliman,-4187.6
179711,Vladeni,-4191.95
43493,Marasu,-4194.85
22665,Gaiceana,-4196.3
32884,Cetate,-4197.75
158243,Racovita,-4199.2
10532,Craiva,-4200.65
14085,Babana,-4203.55
78472,Albeni,-4207.9
133562,Gornet,-4209.35
112245,Eselnita,-4209.35
179819,Ograda,-4210.8
154852,Vedea,-4210.8
147660,Ilisesti,-4215.15
12224,Sepreus,-4215.15
116983,Gheorghe Doja,-4219.5
148131,Dorna-Arini,-4223.85
8014,Sugag,-4223.85
95612,Alexandru I. Cuza,-4231.1
144795,Loamnes,-4234.0
23644,Negri,-4234.0
157898,Nadrag,-4238.35
41818,Sercaia,-4239.8
11842,Savarsin,-4241.25
84923,Martinis,-4245.6
28763,Cociuba Mare,-4247.05
93539,Dragos Voda,-4248.5
29243,Draganesti,-4254.3
165336,Poienesti,-4255.75
152500,Cervenia,-4261.55
33015,Chiochis,-4263.0
163137,Costesti,-4265.9
53247,Maureni,-4265.9
153696,Poeni,-4273.15
33514,Lesu,-4273.15
138869,Socond,-4274.6
151576,Berchisesti,-4278.95
159455,Saravale,-4280.4
157031,Gavojdia,-4283.3
172340,Pietrari,-4283.3
145355,Racovita,-4289.1
104886,Sarulesti,-4293.45
175732,Carligele,-4293.45
41417,Mandra,-4294.9
152038,Babaita,-4294.9
52160,Cornereva,-4300.7
150221,Siminicea,-4313.75
51804,Carasova,-4315.2
171806,Olanu,-4318.1
111480,Devesel,-4319.55
142006,Maeriste,-4321.0
27212,Auseu,-4323.9
121876,Bozieni,-4323.9
147580,Calafindesti,-4323.9
180091,Racsa,-4325.35
50228,Vintila Voda,-4326.8
136241,Cocorastii Colt,-4329.7
11995,Seleus,-4331.15
137611,Doba,-4334.05
39792,Vlasinesti,-4336.95
148916,Gramesti,-4338.4
72533,Giurgita,-4338.4
55062,Cuzdrioara,-4339.85
34645,Sieu,-4341.3
118469,Nades,-4345.65
81415,Prigoria,-4348.55
72052,Diosti,-4350.0
20063,Bughea De Sus,-4352.9
16551,Godeni,-4355.8
149931,Pojorata,-4360.15
15402,Cetateni,-4361.6
128178,Parscoveni,-4363.05
67773,Lucieni,-4365.95
159963,Casimcea,-4370.3
159945,Carcaliu,-4374.65
54056,Slatina-Timis,-4377.55
136713,Acas,-4377.55
7384,Santimbru,-4377.55
19631,Valea Danului,-4379.0
32187,Rosiori,-4383.35
51573,Bozovici,-4383.35
129139,Strejesti,-4386.25
137844,Hodod,-4386.25
9930,Beliu,-4386.25
72677,Goiesti,-4393.5
63866,Belin,-4394.95
105106,Singureni,-4396.4
178901,Popesti,-4397.85
89240,Certeju De Sus,-4399.3
69615,Vulcana-Bai,-4405.1
120487,Corunca,-4405.1
172377,Popesti,-4406.55
37057,Dangeni,-4406.55
118799,Petelea,-4409.45
154665,Tatarastii De Sus,-4410.9
175590,Ciorasti,-4412.35
112030,Gruia,-4412.35
154184,Segarcea-Vale,-4413.8
75864,Cavadinesti,-4419.6
125873,Bobicesti,-4419.6
145792,Sura Mica,-4419.6
163789,Epureni,-4421.05
74554,Urzicuta,-4421.05
30773,Rieni,-4422.5
159142,Uivar,-4422.5
107403,Bogdan Voda,-4425.4
140823,Criseni,-4426.85
97189,Gorban,-4431.2
96334,Coarnele Caprei,-4432.65
61871,Independenta,-4434.1
38492,Paltinis,-4434.1
74322,Teasc,-4435.55
169351,Daesti,-4437.0
66580,Cobia,-4437.0
119974,Valea Larga,-4439.9
45673,Buda,-4441.35
155591,Banloc,-4442.8
18331,Ratesti,-4442.8
18938,Stolnici,-4445.7
19007,Suseni,-4447.15
122249,Damuc,-4450.05
148202,Dorna Candrenilor,-4452.95
40857,Comana,-4455.85
83785,Atid,-4458.75
129567,Traian,-4463.1
157362,Jamu Mare,-4468.9
14922,Bughea De Jos,-4470.35
139143,Tarsolt,-4471.8
107519,Budesti,-4473.25
178938,Gologanu,-4473.25
162014,Albesti,-4474.7
25291,Scorteni,-4476.15
43019,Ciresu,-4477.6
12206,Seitin,-4481.95
159464,Sandra,-4484.85
162327,Bacani,-4486.3
144198,Biertan,-4489.2
156277,Cenei,-4490.65
25692,Tamasi,-4496.45
27070,Abram,-4509.5
56568,Capusu Mare,-4509.5
16285,Davidesti,-4509.5
151246,Zamostea,-4510.95
29519,Hidiselu De Sus,-4510.95
30988,Salacea,-4510.95
97517,Horlesti,-4519.65
42842,Bertestii De Jos,-4521.1
142079,Mesesenii De Jos,-4524.0
174156,Vladesti,-4528.35
135501,Soimari,-4528.35
124411,Stefan Cel Mare,-4534.15
153561,Piatra,-4534.15
49625,Stalpu,-4535.6
158181,Pischia,-4541.4
142426,Romanasi,-4542.85
103443,Gradistea,-4542.85
39051,Sulita,-4542.85
27169,Abramut,-4547.2
8354,Valea Lunga,-4550.1
128613,Scarisoara,-4555.9
10827,Felnac,-4557.35
81497,Rosia De Amaradia,-4560.25
61283,Ciocarlia,-4560.25
39975,Cosula,-4561.7
56988,Chinteni,-4563.15
154497,Storobaneasa,-4563.15
4240,Daia Romana,-4567.5
152350,Calinesti,-4568.95
42307,Voila,-4570.4
170952,Lungesti,-4570.4
158449,Sacosu Turcesc,-4571.85
49894,Ulmeni,-4576.2
16454,Domnesti,-4576.2
107546,Calinesti,-4582.0
32660,Branistea,-4582.0
82733,Urdari,-4583.45
156669,Denta,-4583.45
68887,Selaru,-4587.8
98257,Movileni,-4587.8
155760,Becicherecu Mic,-4590.7
43180,Galbenu,-4592.15
146995,Balcauti,-4595.05
25861,Traian,-4596.5
63286,Costinesti,-4597.95
153473,Olteni,-4597.95
150418,Sucevita,-4600.85
28530,Chislaz,-4600.85
5336,Lupsa,-4602.3
115147,Alunis,-4602.3
3958,Cetatea De Balta,-4603.75
149655,Ostra,-4605.2
108945,Sapanta,-4608.1
171067,Mateesti,-4608.1
23207,Lipova,-4612.45
132342,Bertea,-4615.35
93101,Ciochina,-4616.8
30336,Pietroasa,-4616.8
71199,Bratovoesti,-4621.15
166672,Vetrisoaia,-4629.85
42824,Baraganul,-4631.3
91232,Santamaria-Orlea,-4631.3
68404,Pietrosita,-4634.2
115183,Apold,-4635.65
93931,Lupsanu,-4637.1
108669,Rozavlea,-4638.55
138574,Piscolt,-4647.25
48682,Podgoria,-4648.7
29573,Holod,-4650.15
29813,Lazareni,-4653.05
41382,Maierus,-4655.95
108151,Giulesti,-4657.4
126647,Deveselu,-4657.4
96058,Braesti,-4658.85
178894,Ploscuteni,-4661.75
152564,Contesti,-4664.65
157317,Giulvaz,-4664.65
108552,Remeti,-4664.65
44532,Zavoaia,-4667.55
122551,Farcasa,-4669.0
173793,Susani,-4671.9
136553,Capleni,-4673.35
71572,Castranova,-4673.35
19999,Vladesti,-4673.35
31510,Suncuius,-4676.25
43466,Jirlau,-4679.15
58721,Moldovenesti,-4680.6
86133,Tulghes,-4682.05
37011,Dersca,-4684.95
126148,Cilieni,-4687.85
49484,Siriu,-4687.85
103764,Ileana,-4687.85
62057,Lipnita,-4690.75
169253,Costesti,-4692.2
90878,Rau De Mori,-4692.2
142952,Valcau De Jos,-4695.1
67675,Hulubesti,-4695.1
79932,Cruset,-4696.55
128472,Radomiresti,-4698.0
78873,Bengesti-Ciocadia,-4699.45
124233,Secuieni,-4700.9
26338,Buciumi,-4700.9
31878,Tetchea,-4708.15
179702,Traian,-4708.15
111006,Butoiesti,-4708.15
41738,Recea,-4709.6
145293,Porumbacu De Jos,-4712.5
61559,Crucea,-4719.75
72953,Lipovu,-4719.75
37397,George Enescu,-4721.2
32704,Budacu De Jos,-4722.65
80285,Farcasesti,-4728.45
108017,Oras Dragomiresti,-4729.9
179686,Dumitrita,-4729.9
102071,Colibasi,-4732.8
129745,Vadastrita,-4734.25
133394,Fulga,-4735.7
173748,Stefanesti,-4735.7
71885,Cosoveni,-4738.6
165817,Rosiesti,-4740.05
117925,Livezeni,-4741.5
151460,Serbauti,-4744.4
179891,Raciu,-4745.85
103407,Gradinari,-4748.75
5700,Mihalt,-4754.55
93995,Mihail Kogalniceanu,-4756.0
113395,Punghina,-4764.7
160877,Mihail Kogalniceanu,-4766.15
178046,Tamboesti,-4767.6
94562,Stefan Cel Mare,-4769.05
177405,Racoasa,-4769.05
63937,Borosneu Mare,-4777.75
48487,Pietroasele,-4779.2
104519,Oinacu,-4782.1
113732,Tamna,-4786.45
159384,Dudestii Noi,-4790.8
104582,Petrachioaia,-4796.6
79077,Bolbosi,-4802.4
43625,Mircea Voda,-4812.55
76282,Foltesti,-4816.9
101822,Chiselet,-4821.25
102703,Dridu,-4821.25
82047,Slivilesti,-4822.7
142612,Sag,-4829.95
145202,Orlat,-4834.3
120370,Zau De Campie,-4834.3
83197,Feliceni,-4835.75
58623,Mociu,-4837.2
145140,Nocrich,-4837.2
79406,Bustuchin,-4838.65
33603,Lunca Ilvei,-4838.65
162693,Bogdanesti,-4840.1
165416,Pogana,-4841.55
27329,Balc,-4844.45
79157,Borascu,-4844.45
156623,Darova,-4851.7
13999,Aninoasa,-4857.5
164598,Laza,-4857.5
111444,Cujmir,-4857.5
144651,Iacobeni,-4858.95
135547,Sotrile,-4861.85
89428,Dobra,-4866.2
150310,Stroiesti,-4866.2
166413,Todiresti,-4867.65
99290,Scheia,-4877.8
143646,Tarnava,-4880.7
41621,Poiana Marului,-4885.05
165611,Pungesti,-4892.3
166235,Tacuta,-4893.75
173061,Slatioara,-4898.1
132716,Cocorastii Mislii,-4899.55
22834,Glavanesti,-4902.45
158779,Sag,-4903.9
168559,Barbatesti,-4903.9
76745,Movileni,-4906.8
44202,Traian,-4912.6
97321,Gropnita,-4914.05
64130,Catalina,-4916.95
117042,Ghindari,-4916.95
171628,Nicolae Balcescu,-4918.4
10195,Bocsig,-4924.2
152948,Furculesti,-4924.2
49153,Sahateni,-4925.65
131988,Alunis,-4927.1
24034,Parava,-4928.55
88261,Beriu,-4931.45
61210,Chirnogeni,-4934.35
75338,Oras Beresti,-4935.8
76497,Gohor,-4938.7
104047,Letca Noua,-4940.15
24427,Plopana,-4940.15
10293,Buteni,-4940.15
37958,Manoleasa,-4940.15
46803,Gheraseni,-4943.05
17968,Poienarii De Muscel,-4945.95
43313,Gropeni,-4951.75
62672,Pecineaga,-4956.1
105384,Soldanu,-4957.55
38811,Roma,-4960.45
84754,Lunca De Sus,-4966.25
44560,Cazasu,-4969.15
49206,Sapoca,-4970.6
127689,Movileni,-4973.5
9798,Apateu,-4974.95
68529,Produlesti,-4976.4
53372,Obreja,-4979.3
100335,Rachiteni,-4986.55
38580,Prajeni,-4986.55
136964,Beltiug,-4988.0
39694,Varfu Campului,-4992.35
165130,Osesti,-4993.8
67167,Crangurile,-4995.25
93735,Grivita,-4996.7
46180,Chiojdu,-4999.6
103960,Jilavele,-5017.0
154585,Tatarastii De Jos,-5018.45
44060,Stancuta,-5019.9
23494,Motoseni,-5019.9
27285,Avram Iancu,-5024.25
23975,Palanca,-5031.5
98603,Prisacani,-5034.4
47079,Gura Teghii,-5034.4
161464,Turcoaia,-5035.85
153151,Lunca,-5037.3
9333,Livada,-5037.3
35152,Tarlisua,-5038.75
140324,Bocsa,-5040.2
173230,Stoenesti,-5044.55
54412,Turnu Ruieni,-5047.45
43563,Maxineni,-5050.35
108874,Sacel,-5056.15
107920,Cupseni,-5059.05
124493,Tarcau,-5064.85
88092,Baita,-5066.3
19249,Tigveni,-5067.75
148729,Frumosu,-5069.2
36426,Broscauti,-5070.65
168130,Oras Ocnele Mari,-5072.1
33364,Ilva Mica,-5073.55
41701,Racos,-5075.0
91330,Soimus,-5075.0
103899,Izvoarele,-5077.9
103997,Joita,-5080.8
166057,Stefan Cel Mare,-5082.25
61737,Dobromir,-5082.25
34618,Sant,-5088.05
14405,Berevoesti,-5088.05
21597,Brusturoasa,-5089.5
94107,Munteni-Buzau,-5089.5
161482,Valea Nucarilor,-5102.55
94376,Saveni,-5109.8
121153,Bahna,-5117.05
104635,Plataresti,-5118.5
160911,Murighiol,-5118.5
61256,Ciobanu,-5118.5
18242,Priboieni,-5121.4
122132,Costisa,-5124.3
37459,Gorbanesti,-5124.3
103639,Hotarele,-5125.75
98337,Plugari,-5127.2
50326,Viperesti,-5130.1
178689,Vartescoiu,-5131.55
67121,Costestii Din Vale,-5140.25
28335,Ceica,-5140.25
93771,Independenta,-5141.7
42183,Vama Buzaului,-5143.15
40526,Apata,-5147.5
16365,Darmanesti,-5150.4
62707,Pestera,-5167.8
73905,Rast,-5169.25
144553,Darlos,-5170.7
101984,Clejani,-5180.85
151816,Nanov,-5185.2
24711,Racova,-5188.1
127386,Izvoarele,-5189.55
158733,Sanpetru Mare,-5195.35
93067,Oras Cazanesti,-5196.8
64602,Ojdula,-5199.7
127064,Ganeasa,-5205.5
157424,Jebel,-5212.75
151157,Vulturesti,-5215.65
101341,Brezoaele,-5217.1
84594,Lazarea,-5218.55
126406,Crampoia,-5220.0
85127,Mugeni,-5220.0
37672,Hiliseu-Horia,-5222.9
35429,Zagra,-5233.05
68431,Poiana,-5233.05
6217,Pianu,-5235.95
19793,Vedea,-5237.4
176748,Milcovul,-5238.85
55160,Mica,-5243.2
80980,Negomir,-5247.55
36499,Calarasi,-5250.45
101378,Bucsani,-5251.9
22059,Cotofanesti,-5256.25
91795,Vata De Jos,-5257.7
67292,Dobra,-5266.4
111783,Garla Mare,-5266.4
101056,Barcanesti,-5266.4
73629,Pielesti,-5269.3
39266,Todireni,-5270.75
85840,Sansimion,-5273.65
35884,Stauceni,-5275.1
116938,Ganesti,-5279.45
160387,Frecatei,-5288.15
29403,Finis,-5288.15
100273,Bals,-5292.5
118995,Raciu,-5295.4
29902,Lugasu De Jos,-5296.85
38633,Radauti-Prut,-5298.3
179962,Galbinasi,-5309.9
126585,Daneasa,-5315.7
27757,Brusturi,-5315.7
41854,Sinca,-5315.7
45815,C.a. Rosetti,-5317.15
80123,Danesti,-5318.6
177799,Straoane,-5321.5
107582,Cernesti,-5322.95
89856,Ilia,-5327.3
37734,Hlipiceni,-5327.3
34903,Sintereag,-5327.3
167320,Puscasi,-5328.75
164133,Grivita,-5336.0
25488,Solont,-5336.0
17619,Musatesti,-5341.8
137032,Berveni,-5341.8
149049,Horodniceni,-5344.7
77475,Valea Marului,-5347.6
169039,Cernisoara,-5349.05
109005,Stramtura,-5354.85
127251,Ianca,-5354.85
135725,Teisani,-5362.1
137746,Gherta Mica,-5366.45
129656,Valea Mare,-5367.9
64096,Bretcu,-5367.9
84629,Lueta,-5369.35
131461,Dumbravesti,-5369.35
44177,Tichilesti,-5370.8
108222,Lapus,-5370.8
153339,Marzanesti,-5376.6
145104,Mosna,-5376.6
9280,Fantanele,-5382.4
44435,Victoria,-5386.75
35269,Uriu,-5386.75
112879,Patulele,-5389.65
26742,Astileu,-5395.45
15233,Cateasca,-5398.35
46019,Cernatesti,-5399.8
62253,Mihai Viteazu,-5401.25
123255,Oniceni,-5408.5
149370,Manastirea Humorului,-5411.4
142774,Surduc,-5411.4
173935,Tomsani,-5412.85
144599,Gura Raului,-5414.3
43073,Dudesti,-5415.75
164749,Lunca Banului,-5420.1
94161,Perieti,-5421.55
115307,Bahnea,-5421.55
117113,Glodeni,-5427.35
165274,Perieni,-5436.05
71126,Bralostita,-5436.05
46910,Glodeanu-Silistea,-5436.05
138663,Sanislau,-5437.5
103862,Ion Roata,-5437.5
126718,Dobrosloveni,-5447.65
60945,Albesti,-5449.1
165719,Rebricea,-5452.0
98649,Probota,-5453.45
26029,Urechesti,-5460.7
57582,Feleacu,-5460.7
98300,Oteleni,-5473.75
34547,Spermezeu,-5473.75
141722,Ip,-5485.35
84415,Frumoasa,-5486.8
159473,Tomnatic,-5489.7
74536,Unirea,-5491.15
11423,Misca,-5491.15
132271,Baltesti,-5494.05
81184,Pestisani,-5504.2
139394,Viile Satu Mare,-5510.0
44328,Ulmu,-5510.0
141376,Hereclean,-5523.05
95747,Aroneanu,-5527.4
135315,Starchiojd,-5531.75
110296,Bala,-5536.1
173374,Stoilesti,-5540.45
34173,Petru Rares,-5543.35
126978,Falcoiu,-5543.35
175670,Campuri,-5550.6
167071,Zapodeni,-5552.05
58552,Mintiu Gherlii,-5554.95
49046,Rusetu,-5559.3
165899,Solesti,-5563.65
148097,Dolhesti,-5563.65
77153,Schela,-5566.55
137185,Botiz,-5566.55
121466,Bargauani,-5568.0
152083,Blejesti,-5570.9
169994,Galicea,-5572.35
12055,Sintea Mare,-5573.8
136198,Valcanesti,-5575.25
163734,Dumesti,-5575.25
75356,Beresti-Meria,-5576.7
76558,Grivita,-5579.6
152234,Bragadiru,-5581.05
140146,Balan,-5586.85
136919,Batarci,-5588.3
160127,Cerna,-5589.75
98168,Mogosesti-Siret,-5594.1
156473,Costeiu,-5599.9
29467,Girisu De Cris,-5601.35
103283,Garbovi,-5608.6
142284,Pericei,-5614.4
169681,Fartatesti,-5615.85
176793,Movilita,-5615.85
138351,Orasu Nou,-5618.75
154013,Scrioastea,-5624.55
94429,Scanteia,-5627.45
123175,Margineni,-5627.45
36202,Avrameni,-5627.45
121340,Bicazu Ardelean,-5627.45
48842,Puiesti,-5637.6
147036,Bilca,-5639.05
166529,Tutova,-5639.05
150043,Putna,-5641.95
71457,Calopar,-5647.75
64871,Turia,-5650.65
87362,Criscior,-5652.1
10943,Gurahont,-5655.0
62798,Rasova,-5657.9
78604,Aninoasa,-5665.15
76353,Fundeni,-5668.05
24089,Parincea,-5670.95
68789,Salcioara,-5673.85
25932,Ungureni,-5681.1
108106,Farcasa,-5684.0
145603,Slimnic,-5689.8
142239,Nusfalau,-5691.25
56844,Ceanu Mare,-5694.15
13935,Albota,-5697.05
51500,Berzovia,-5713.0
85984,Simonesti,-5715.9
122953,Hangu,-5723.15
36952,Cristinesti,-5723.15
47186,Lopatari,-5731.85
93281,Cuza Voda,-5734.75
65869,Iedera,-5739.1
23948,Orbeni,-5744.9
151512,Hantesti,-5752.15
97811,Mircesti,-5753.6
21720,Casin,-5756.5
134194,Manesti,-5760.85
37823,Ibanesti,-5765.2
73102,Melinesti,-5769.55
147241,Brodina,-5776.8
134648,Posesti,-5778.25
174021,Vaideeni,-5782.6
144713,Jina,-5788.4
97090,Golaiesti,-5792.75
85528,Sarmas,-5794.2
140280,Bobota,-5797.1
27560,Borod,-5804.35
29001,Curtuiseni,-5804.35
139009,Tarna Mare,-5805.8
110820,Breznita-Ocol,-5805.8
69330,Visina,-5810.15
127493,Maruntei,-5810.15
101617,Buturugeni,-5811.6
115897,Brancovenesti,-5814.5
99600,Trifesti,-5814.5
174780,Campineanca,-5815.95
172082,Pausesti-Maglasi,-5818.85
70094,Isalnita,-5820.3
109041,Suciu De Sus,-5821.75
63633,Barcani,-5833.35
121938,Brusturi,-5840.6
144349,Brateiu,-5844.95
64194,Cernat,-5849.3
31976,Vadu Crisului,-5866.7
155911,Biled,-5871.05
148765,Fundu Moldovei,-5872.5
37217,Durnesti,-5879.75
166869,Voinesti,-5888.45
54270,Teregova,-5891.35
58008,Iara,-5891.35
165185,Padureni,-5902.95
14272,Balilesti,-5905.85
157497,Liebling,-5908.75
104751,Radovanu,-5908.75
123371,Pastraveni,-5910.2
42753,Oras Faurei,-5910.2
31333,Simian,-5917.45
70940,Barca,-5921.8
10872,Ghioroc,-5921.8
96637,Cristesti,-5921.8
57742,Frata,-5923.25
137675,Dorolt,-5934.85
139330,Vama,-5937.75
15830,Corbi,-5937.75
116590,Eremitu,-5940.65
97063,Focuri,-5945.0
72383,Galicea Mare,-5946.45
124661,Timisesti,-5950.8
84264,Dealu,-5953.7
159767,Oras Sulina,-5953.7
48138,Padina,-5955.15
98827,Schitu Duca,-5968.2
93085,Ciocanesti,-5974.0
76807,Nicoresti,-5975.45
178545,Vizantea-Livezi,-5978.35
124803,Tibucani,-5979.8
44391,Vadeni,-5984.15
14851,Budeasa,-5985.6
172457,Prundeni,-5988.5
68976,Uliesti,-5989.95
53274,Mehadia,-6001.55
54617,Zavoi,-6007.35
132164,Baba Ana,-6013.15
67470,Finta,-6016.05
124849,Urecheni,-6017.5
147054,Bogdanesti,-6030.55
12144,Sagu,-6030.55
69964,Bucovat,-6032.0
137540,Culciu,-6036.35
176686,Mera,-6039.25
138164,Micula,-6040.7
27631,Bors,-6042.15
178117,Tulnici,-6050.85
152902,Draganesti-Vlasca,-6052.3
59327,Savadisla,-6055.2
166770,Vinderei,-6058.1
71260,Breasta,-6063.9
144731,Laslea,-6065.35
66152,Branistea,-6069.7
107662,Cicarlau,-6069.7
108400,Ocna Sugatag,-6069.7
71698,Cerat,-6071.15
57350,Cojocna,-6074.05
143487,Cristian,-6079.85
138921,Supur,-6090.0
26346,Gioseni,-6094.35
170514,Ionesti,-6094.35
100638,Mitreni,-6105.95
39122,Sendriceni,-6105.95
164687,Lipovat,-6111.75
153277,Maldaeni,-6117.55
43652,Movila Miresii,-6120.45
150070,Radaseni,-6132.05
157530,Lovrin,-6133.5
176506,Jaristea,-6134.95
111863,Gogosu,-6136.4
12037,Semlac,-6142.2
46867,Glodeanu Sarat,-6145.1
82555,Turburea,-6146.55
144152,Bazna,-6148.0
150445,Saru Dornei,-6148.0
121242,Baltatesti,-6168.3
115520,Batos,-6172.65
164339,Iana,-6182.8
122061,Candesti,-6185.7
46769,Galbinasi,-6185.7
104680,Prundu,-6190.05
164936,Muntenii De Jos,-6195.85
96192,Ciortesti,-6195.85
12242,Sicula,-6201.65
13524,Valea Mare Pravat,-6203.1
90538,Pui,-6203.1
124885,Valea Ursului,-6208.9
128588,Rusanesti,-6210.35
129460,Tia Mare,-6211.8
68280,Nucet,-6213.25
117550,Ibanesti,-6216.15
132805,Cornu,-6217.6
78711,Baia De Fier,-6221.95
93815,Jegalia,-6226.3
177557,Ruginesti,-6229.2
167302,Muntenii De Sus,-6230.65
124073,Romani,-6243.7
126433,Curtisoara,-6248.05
177352,Pufesti,-6249.5
121108,Agapia,-6250.95
144116,Axente Sever,-6253.85
70897,Bistret,-6258.2
32811,Caianu Mic,-6258.2
96110,Butea,-6262.55
58259,Jucu,-6262.55
160680,Luncavita,-6265.45
104387,Niculesti,-6269.8
66768,Contesti,-6272.7
66009,Branesti,-6278.5
108035,Dumbravita,-6279.95
143851,Oras Ocna Sibiului,-6281.4
120254,Vanatori,-6287.2
95943,Bivolari,-6287.2
139214,Turulung,-6287.2
26083,Valea Seaca,-6291.55
11539,Paulis,-6293.0
127288,Iancu Jianu,-6295.9
68128,Mogosani,-6297.35
116545,Deda,-6304.6
70879,Oras Bechet,-6311.85
146799,Adancata,-6314.75
116288,Craciunesti,-6314.75
67522,Glodeni,-6316.2
107270,Bistra,-6317.65
58142,Iclod,-6324.9
23387,Magiresti,-6326.35
63300,Cuza Voda,-6326.35
75711,Branistea,-6326.35
49769,Topliceni,-6329.25
37912,Lunca,-6343.75
99101,Siretel,-6352.45
36569,Copalau,-6355.35
147526,Cacica,-6371.3
77180,Slobozia Conachi,-6374.2
108204,Ieud,-6374.2
152332,Buzescu,-6377.1
105829,Vasilati,-6385.8
73068,Malu Mare,-6388.7
4366,Galda De Jos,-6391.6
168229,Alunu,-6393.05
135896,Tomsani,-6393.05
65501,Ulmi,-6395.95
119466,Sanpaul,-6398.85
95667,Andrieseni,-6406.1
156712,Dudestii Vechi,-6409.0
151442,Iaslovat,-6409.0
122187,Cracaoani,-6413.35
96003,Ungheni,-6416.25
50479,Ziduri,-6419.15
45003,Beceni,-6426.4
100148,Vladeni,-6426.4
24187,Pancesti,-6426.4
12340,Simand,-6427.85
7865,Sona,-6427.85
96147,Ceplenita,-6429.3
68716,Runcu,-6432.2
71634,Celaru,-6435.1
39836,Vorniceni,-6436.55
27436,Biharia,-6436.55
84086,Ciumani,-6439.45
152760,Dobrotesti,-6443.8
99209,Strunga,-6451.05
32633,Bistrita Bargaului,-6456.85
27971,Buntesti,-6462.65
42058,Teliu,-6464.1
150891,Valea Moldovei,-6464.1
150980,Vatra Moldovitei,-6468.45
68324,Ocnita,-6471.35
175938,Dumbraveni,-6478.6
164393,Ivanesti,-6481.5
133090,Dumbrava,-6487.3
125962,Brastavatu,-6501.8
98051,Miroslovesti,-6514.85
71055,Bradesti,-6522.1
31011,Salard,-6522.1
14584,Bogati,-6523.55
107350,Bocicoiu Mare,-6536.6
138208,Moftin,-6546.75
75114,Sendreni,-6564.15
174824,Golesti,-6568.5
66438,Buciumeni,-6568.5
100004,Victoria,-6574.3
49849,Tintesti,-6577.2
34690,Sieu-Magherus,-6578.65
151834,Poroschia,-6580.1
163002,Codaesti,-6594.6
31654,Tauteu,-6603.3
31262,Suplacu De Barcau,-6607.65
66330,Bezdead,-6612.0
102240,Cosereni,-6613.45
167696,Oras Baile Olanesti,-6616.35
150766,Vadu Moldovei,-6617.8
145765,Sura Mare,-6619.25
159785,Baia,-6627.95
18858,Stoenesti,-6641.0
70744,Argetoaia,-6643.9
99058,Sinesti,-6658.4
158010,Ortisoara,-6659.85
28665,Ciumeghiu,-6662.75
49643,Tisau,-6671.45
177986,Tataranu,-6677.25
81861,Scoarta,-6677.25
12778,Zabrani,-6680.15
108632,Rona De Sus,-6684.5
40688,Budila,-6690.3
150196,Satu Mare,-6690.3
176944,Nereju,-6697.55
17209,Micesti,-6704.8
73709,Plenita,-6704.8
160644,Jurilovca,-6707.7
14450,Barla,-6712.05
16908,Leresti,-6728.0
127368,Izbiceni,-6729.45
163681,Duda-Epureni,-6730.9
17101,Merisani,-6732.35
102749,Oras Fierbinti-Targ,-6732.35
132574,Cerasu,-6735.25
132510,Ceptura,-6736.7
112548,Jiana,-6739.6
73317,Marsani,-6739.6
64639,Ozun,-6749.75
37547,Havarna,-6755.55
121297,Bicaz-Chei,-6762.8
175983,Dumitresti,-6767.15
70174,Simnicu De Sus,-6772.95
41471,Moieciu,-6774.4
25148,Sanduleni,-6778.75
72926,Leu,-6780.2
105972,Vanatorii Mici,-6781.65
64826,Sanzieni,-6784.55
63802,Batani,-6786.0
100736,Manasia,-6787.45
44140,Sutesti,-6787.45
22576,Filipesti,-6787.45
17049,Malureni,-6794.7
84825,Lupeni,-6796.15
58311,Luna,-6796.15
161384,Topolog,-6804.85
176613,Maicanesti,-6810.65
59693,Tritenii De Jos,-6813.55
148514,Forasti,-6817.9
100086,Vanatori,-6822.25
104485,Ogrezeni,-6836.75
40606,Bod,-6839.65
107314,Barsana,-6846.9
134014,Magurele,-6846.9
38982,Suharau,-6857.05
45753,Calvini,-6867.2
25521,Stanisesti,-6880.25
87219,Oras Aninoasa,-6891.85
73031,Maglavit,-6896.2
105259,Spantov,-6899.1
145667,Seica Mare,-6902.0
163618,Dranceni,-6904.9
148453,Fantanele,-6915.05
69063,Valea Lunga,-6920.85
18741,Slobozia,-6920.85
118209,Mica,-6922.3
46313,Cislau,-6923.75
76585,Independenta,-6923.75
49073,Sageata,-6925.2
176212,Garoafa,-6928.1
56666,Caseiu,-6938.25
132752,Colceag,-6938.25
29724,Ineu,-6939.7
121607,Bodesti,-6941.15
65413,Doicesti,-6944.05
93664,Gradistea,-6944.05
147072,Boroaia,-6951.3
41033,Halchiu,-6968.7
99879,Tiganasi,-6973.05
114970,Acatari,-6978.85
108268,Miresu Mare,-6978.85
127983,Osica De Sus,-6978.85
162381,Bacesti,-6978.85
144928,Oras Miercurea Sibiului,-6980.3
127019,Farcasele,-6997.7
78454,Oras Ticleni,-6997.7
158859,Teremia Mare,-7010.75
134559,Poienarii Burchii,-7013.65
21454,Barsanesti,-7015.1
3039,Bistra,-7016.55
148293,Dornesti,-7018.0
175368,Bolotesti,-7023.8
123013,Icusesti,-7028.15
161035,Niculitel,-7032.5
130954,Oras Azuga,-7033.95
156259,Cenad,-7048.45
134443,Podenii Noi,-7051.35
135431,Sirna,-7052.8
103014,Fundeni,-7057.15
175885,Cotesti,-7058.6
35839,Rachiti,-7058.6
65048,Zabala,-7061.5
24276,Pargaresti,-7065.85
102348,Crevedia Mare,-7067.3
133018,Draganesti,-7071.65
56210,Bontida,-7076.0
63688,Sita Buzaului,-7077.45
67256,Darmanesti,-7087.6
102605,Dragomiresti-Vale,-7089.05
161302,Somova,-7094.85
48968,Ramnicelu,-7099.2
79834,Crasna,-7100.65
12876,Zimandu Nou,-7105.0
168880,Bujoreni,-7107.9
24837,Rachitoasa,-7118.05
22718,Ghimes-Faget,-7119.5
72034,Desa,-7134.0
76996,Piscu,-7144.15
151558,Voitinel,-7144.15
26289,Zemes,-7144.15
81095,Pades,-7147.05
36809,Cotusca,-7151.4
96717,Dagata,-7164.45
122828,Garcina,-7165.9
36907,Cristesti,-7174.6
46484,Costesti,-7184.75
108598,Repedea,-7194.9
123790,Poiana Teiului,-7194.9
165470,Puiesti,-7200.7
34280,Rebrisoara,-7203.6
102945,Frumusani,-7206.5
116796,Fantanele,-7207.95
101001,Baneasa,-7216.65
27686,Bratca,-7221.0
39738,Vladeni,-7226.8
78016,Dragutesti,-7244.2
42398,Vulcan,-7260.15
154834,Tiganesti,-7265.95
40900,Cristian,-7271.75
18778,Stalpeni,-7284.8
83981,Ciucsangeorgiu,-7290.6
158528,Satchinez,-7292.05
73567,Ostroveni,-7292.05
62538,Ostrov,-7300.75
64942,Valcele,-7308.0
76718,Mastacani,-7310.9
158109,Periam,-7323.95
59041,Poieni,-7325.4
166636,Valeni,-7335.55
124723,Trifesti,-7341.35
105605,Ulmeni,-7344.25
36300,Baluseni,-7351.5
8158,Unirea,-7352.95
18670,Schitu Golesti,-7358.75
50415,Zarnesti,-7360.2
81576,Runcu,-7371.8
96940,Dumesti,-7374.7
131274,Poiana Campina,-7393.55
152172,Botoroaga,-7396.45
33541,Livezile,-7396.45
20411,Magura,-7402.25
68342,Odobesti,-7406.6
64041,Bradut,-7406.6
105534,Tartasesti,-7421.1
179640,Vulcana-Pandele,-7425.45
101902,Ciolpani,-7428.35
24524,Podu Turcului,-7435.6
19338,Titesti,-7437.05
103130,Ganeasa,-7447.2
92989,Bordusani,-7448.65
137229,Calinesti-Oas,-7450.1
108892,Oras Salistea De Sus,-7454.45
146325,Mitocu Dragomirnei,-7460.25
115637,Balauseri,-7461.7
162498,Berezeni,-7463.15
133508,Gorgota,-7463.15
67835,Ludesti,-7468.95
68182,Moroeni,-7480.55
163486,Dragomiresti,-7483.45
117426,Hodac,-7483.45
178180,Tifesti,-7487.8
21668,Buhoci,-7492.15
50923,Oras Baile Herculane,-7492.15
150114,Rasca,-7493.6
20910,Oras Slanic-Moldova,-7495.05
64318,Ghelinta,-7500.85
109504,Viseu De Jos,-7500.85
40303,Oras Predeal,-7506.65
39391,Tudora,-7509.55
121796,Botesti,-7512.45
122702,Girov,-7515.35
66731,Comisani,-7518.25
68921,Tatarani,-7538.55
40928,Dumbravita,-7540.0
168452,Oras Balcesti,-7542.9
69250,Vacaresti,-7560.3
44300,Tufesti,-7564.65
68002,Manesti,-7567.55
76255,Fartanesti,-7570.45
41177,Hoghiz,-7576.25
71858,Ciupercenii Noi,-7590.75
151479,Horodnic De Sus,-7608.15
68048,Matasaru,-7611.05
13365,Maracineni,-7612.5
101840,Ciocanesti,-7618.3
106782,Oras Cavnic,-7619.75
20670,Stefan Cel Mare,-7622.65
149539,Moldovita,-7628.45
133964,Lipanesti,-7629.9
102909,Fratesti,-7638.6
85920,Suseni,-7651.65
15901,Cosesti,-7660.35
20607,Gura Vaii,-7664.7
160430,Greci,-7674.85
151736,Islaz,-7679.2
94223,Perisoru,-7685.0
5103,Jidvei,-7698.05
77313,Tudor Vladimirescu,-7698.05
40633,Bran,-7699.5
159687,Oras Isaccea,-7715.45
148694,Fratautii Vechi,-7716.9
98113,Mogosesti,-7719.8
80846,Matasari,-7732.85
99539,Todiresti,-7734.3
177600,Sihlea,-7735.75
124153,Sagna,-7737.2
137764,Halmeu,-7751.7
65011,Zagon,-7753.15
99370,Sipote,-7753.15
169896,Francesti,-7757.5
23350,Luizi-Calugara,-7773.45
133722,Iordacheanu,-7776.35
33382,Josenii Bargaului,-7783.6
150524,Todiresti,-7786.5
62280,Mircea Voda,-7789.4
156357,Oras Ciacova,-7790.85
21418,Berzunti,-7798.1
30149,Nojorid,-7802.45
149833,Patrauti,-7802.45
35759,Curtesti,-7806.8
67648,Gura Sutii,-7822.75
135020,Rafov,-7824.2
132896,Drajna,-7853.2
47006,Grebanu,-7854.65
36453,Oras Bucecea,-7856.1
21757,Caiuti,-7859.0
139358,Vetis,-7860.45
33989,Nimigea,-7860.45
61121,Castelu,-7861.9
25228,Saucesti,-7861.9
98916,Scanteia,-7870.6
124028,Rediu,-7883.65
74581,Valea Stanciului,-7892.35
33202,Dumitra,-7906.85
29154,Dobresti,-7911.2
109096,Sisesti,-7912.65
71787,Cetate,-7919.9
156437,Comlosu Mare,-7922.8
146931,Oras Milisauti,-7925.7
102419,Curcani,-7928.6
119331,Oras Sangeorgiu De Padure,-7935.85
8826,Vintu De Jos,-7938.75
98220,Motca,-7947.45
122908,Grumazesti,-7957.6
105570,Tunari,-7975.0
62440,Nicolae Balcescu,-7977.9
123601,Pangarati,-7980.8
46377,Cochirleanca,-7980.8
96423,Costuleni,-7983.7
99165,Stolniceni-Prajescu,-7988.05
103087,Gaiseni,-7988.05
20313,Hemeius,-7992.4
1151,Oras Abrud,-7993.85
67906,Lunguletu,-7993.85
158065,Peciu Nou,-7996.75
23449,Manastirea Casin,-8006.9
135244,Sangeru,-8037.35
149414,Moara,-8041.7
77224,Smardan,-8044.6
104181,Manastirea,-8047.5
135789,Telega,-8062.0
22460,Faraoani,-8063.45
39328,Trusesti,-8067.8
93575,Facaeni,-8069.25
168602,Oras Berbesti,-8076.5
98435,Popesti,-8080.85
76317,Frumusita,-8082.3
165979,Stanilesti,-8088.1
131933,Albesti-Paleologu,-8092.45
21971,Corbasca,-8095.35
22941,Horgesti,-8099.7
101662,Calugareni,-8101.15
70637,Amarastii De Jos,-8105.5
23289,Livezi,-8112.75
109924,Oras Baia De Arama,-8114.2
61372,Cogealac,-8117.1
150258,Slatina,-8121.45
115076,Adamus,-8135.95
108696,Ruscova,-8151.9
65752,Petresti,-8153.35
95792,Baltati,-8154.8
62761,Poarta Alba,-8159.15
75150,Vanatori,-8163.5
96370,Comarna,-8169.3
89561,Oras Geoagiu,-8175.1
99478,Tatarusi,-8178.0
132315,Banesti,-8180.9
148970,Granicesti,-8182.35
48557,Parscov,-8182.35
27383,Batar,-8183.8
160617,Jijila,-8191.05
82680,Tantareni,-8193.95
14940,Buzoesti,-8199.75
156213,Carpinis,-8204.1
107733,Copalnic-Manastur,-8211.35
17851,Pietrosani,-8221.5
84656,Lunca De Jos,-8228.75
50022,Valea Ramnicului,-8237.45
116493,Danes,-8273.7
16757,Leordeni,-8275.15
17496,Mosoaia,-8278.05
151120,Volovat,-8280.95
103238,Ghimpati,-8282.4
163832,Falciu,-8285.3
25825,Targu Trotus,-8286.75
26653,Santandrei,-8302.7
114453,Santana De Mures,-8311.4
117177,Gornesti,-8315.75
21338,Beresti-Tazlau,-8323.0
153605,Plosca,-8331.7
135164,Scorteni,-8341.85
60598,23-Aug,-8341.85
143520,Rasinari,-8341.85
78258,Oras Novaci,-8343.3
41925,Sanpetru,-8353.45
145408,Rosia,-8367.95
62397,Oras Negru Voda,-8389.7
97009,Erbiceni,-8391.15
123674,Podoleni,-8391.15
42708,Chiscani,-8399.85
123102,Ion Creanga,-8399.85
55277,Mihai Viteazu,-8402.75
97875,Mironeasa,-8412.9
138431,Paulesti,-8431.75
101957,Ciorogarla,-8437.55
95499,Ion Neculce,-8440.45
102286,Crevedia,-8443.35
102213,Cornetu,-8447.7
101145,Berceni,-8449.15
84558,Joseni,-8452.05
61069,Oras Baneasa,-8462.2
162194,Banca,-8470.9
128374,Oras Potcoava,-8481.05
76175,Draguseni,-8483.95
137407,Certeze,-8491.2
97438,Halaucesti,-8491.2
15741,Corbeni,-8526.0
34985,Teaca,-8530.35
110232,Oras Vanju Mare,-8531.8
148667,Fratautii Noi,-8533.25
39168,Oras Stefanesti,-8536.15
147937,Darmanesti,-8550.65
71607,Calarasi,-8555.0
84344,Ditrau,-8559.35
71956,Daneti,-8560.8
138280,Odoreu,-8572.4
150294,Straja,-8575.3
105874,Varasti,-8585.45
108712,Satulung,-8597.05
145499,Oras Saliste,-8611.55
131577,Oras Slanic,-8614.45
168791,Budesti,-8647.8
116652,Ernei,-8656.5
40214,Oras Ghimbav,-8668.1
60062,Viisoara,-8698.55
97606,Lespezi,-8705.8
86366,Zetea,-8723.2
149753,Paltinoasa,-8727.55
69526,Voinesti,-8734.8
124938,Alexandru Cel Bun,-8758.0
18527,Rucar,-8769.6
13819,Albestii De Arges,-8782.65
143771,Oras Copsa Mica,-8797.15
130847,Paulesti,-8814.55
131835,Gura Vitioarei,-8817.45
111275,Corcova,-8823.25
37324,Frumusica,-8839.2
150356,Stulpicani,-8839.2
115959,Ceuasu De Campie,-8840.65
118281,Oras Miercurea Nirajului,-8853.7
95239,Rediu,-8855.15
14165,Baiculesti,-8859.5
118691,Panet,-8865.3
35054,Telciu,-8874.0
123424,Petricani,-8874.0
177842,Suraia,-8879.8
17254,Mihaesti,-8882.7
151344,Zvoristea,-8888.5
114603,Albesti,-8888.5
125061,Zanesti,-8907.35
100781,Adunatii-Copaceni,-8908.8
48771,Posta Calnau,-8910.25
106407,Recea,-8923.3
40394,Oras Rupea,-8945.05
99968,Valea Seaca,-8955.2
63072,Topraisar,-8963.9
104243,Moara Vlasiei,-8966.8
150935,Vama,-8974.05
41088,Harman,-8994.35
12509,Tarnova,-8994.35
65379,Aninoasa,-9005.95
11940,Secusigiu,-9013.2
117319,Gurghiu,-9019.0
21007,Agas,-9042.2
33435,Lechinta,-9068.3
137960,Lazuri,-9071.2
101163,Bolintin-Deal,-9082.8
67014,Cornesti,-9085.7
37770,Hudesti,-9108.9
61513,Corbu,-9123.4
95088,Barnova,-9129.2
97722,Lungani,-9179.95
114355,Cristesti,-9181.4
85760,Sandominic,-9226.35
159213,Varias,-9245.2
130614,Berceni,-9248.1
157451,Lenauheim,-9253.9
85412,Remetea,-9265.5
102035,Clinceni,-9295.95
7099,Sasciori,-9307.55
9690,Oras Sebis,-9345.25
134050,Magureni,-9349.6
34333,Rodna,-9351.05
34235,Prundu Bargaului,-9359.75
98774,Ruginoasa,-9361.2
75515,Barcea,-9369.9
100353,Valea Lupului,-9377.15
94312,Roseti,-9398.9
157086,Oras Gataia,-9419.2
44505,Viziru,-9429.35
147358,Oras Brosteni,-9438.05
84175,Corund,-9445.3
18028,Poiana Lacului,-9446.75
151077,Vicovu De Jos,-9456.9
68627,Oras Racari,-9459.8
24338,Parjol,-9491.7
60632,Limanu,-9510.55
115389,Band,-9527.95
178607,Vanatori,-9527.95
128105,Oras Piatra-Olt,-9542.45
75221,Draganesti,-9581.6
148612,Oras Frasin,-9620.75
49545,Smeeni,-9622.2
102160,Corbeanca,-9630.9
35090,Tiha Bargaului,-9633.8
121652,Borca,-9662.8
142881,Sarmasag,-9665.7
81264,Plopsoru,-9688.9
133795,Izvoarele,-9694.7
155289,Ghiroda,-9703.4
136107,Valea Doftanei,-9709.2
67327,Dragodana,-9719.35
70110,Podari,-9726.6
93888,Oras Lehliu Gara,-9730.95
39417,Ungureni,-9742.55
140627,Crasna,-9746.9
176301,Gugesti,-9762.85
122668,Gheraesti,-9786.05
76040,Cosmesti,-9786.05
132681,Ciorani,-9788.95
171325,Mihaesti,-9799.1
36756,Corni,-9803.45
103032,Oras Fundulea,-9809.25
22898,Helegiu,-9812.15
105419,Stefanestii De Jos,-9819.4
47453,Merei,-9820.85
177236,Paunesti,-9825.2
120824,Savinesti,-9828.1
102106,Comana,-9838.25
55473,Aghiresu,-9844.05
93370,Dor Marunt,-9873.05
67737,I. L. Caragiale,-9874.5
30274,Osorhei,-9875.95
138084,Mediesu Aurit,-9922.35
158653,Sanandrei,-9922.35
98202,Mosna,-9936.85
161179,Sarichioi,-9936.85
12643,Vinga,-9955.7
4927,Ighiu,-9957.15
76406,Ghidigeni,-9958.6
103513,Gruiu,-9964.4
136134,Varbilau,-9977.45
20359,Letea Veche,-10009.35
66474,Bucsani,-10052.85
85341,Praid,-10087.65
36131,Albesti,-10103.6
168041,Oras Horezu,-10180.45
180064,Barbulesti,-10187.7
29092,Diosig,-10247.15
31716,Tileagd,-10252.95
22781,Garleni,-10292.1
149968,Preutesti,-10313.85
60721,Tuzla,-10316.75
153543,Peretu,-10332.7
43411,Oras Insuratei,-10341.4
82430,Oras Tismana,-10344.3
158699,Sanmihaiu Roman,-10344.3
73335,Motatei,-10366.05
21123,Asau,-10373.3
132404,Brebu,-10376.2
11398,Macea,-10390.7
119242,Oras Sarmasu,-10416.8
21855,Cleja,-10421.15
65477,Sotanga,-10455.95
167794,Oras Brezoi,-10460.3
157246,Giarmata,-10471.9
146281,Ipotesti,-10500.9
104546,Peris,-10508.15
77402,Umbraresti,-10587.9
67595,Gura Ocnitei,-10602.4
138039,Oras Livada,-10644.45
120922,Horia,-10669.1
178377,Vidra,-10701.0
147786,Cornu Luncii,-10714.05
75472,Oras Targu Bujor,-10722.75
101804,Chirnogi,-10722.75
40955,Feldioara,-10750.3
77910,Balesti,-10754.65
151022,Veresti,-10770.6
26840,Oras Stei,-10779.3
105623,Ulmi,-10790.9
136848,Oras Ardud,-10818.45
105160,Snagov,-10819.9
146904,Baia,-10853.25
153507,Orbeasca,-10880.8
157834,Mosnita Noua,-10901.1
8096,Oras Teius,-10902.55
119894,Oras Ungheni,-10924.3
137069,Bixad,-10946.05
48744,Oras Pogoanele,-10951.85
146860,Arbore,-10954.75
109265,Oras Ulmeni,-10959.1
156801,Oras Faget,-10995.35
104136,Oras Mihailesti,-11027.25
76157,Cudalbi,-11054.8
1455,Oras Campeni,-11062.05
155458,Oras Deta,-11080.9
83749,Oras Vlahita,-11091.05
21506,Blagesti,-11091.05
122347,Doljesti,-11092.5
65609,Oras Fieni,-11095.4
98998,Scobinti,-11115.7
97679,Letcani,-11134.55
79004,Balteni,-11170.8
13276,Bradu,-11185.3
77331,Tulucesti,-11214.3
101458,Oras Budesti,-11220.1
75953,Corod,-11233.15
48325,Oras Patarlagele,-11238.95
139740,Oras Cehu Silvaniei,-11249.1
176445,Homocea,-11266.5
75258,Munteni,-11291.15
147134,Bosanci,-11302.75
179463,Mogosoaia,-11310.0
149316,Malini,-11370.9
38063,Mihai Eminescu,-11427.45
133330,Floresti,-11446.3
100834,Afumati,-11478.2
83464,Oras Balan,-11499.95
120888,Cordun,-11502.85
60570,Agigea,-11508.65
39872,Vorona,-11523.15
177655,Slobozia Bradului,-11526.05
33248,Feldru,-11547.8
150588,Udesti,-11556.5
1936,Oras Zlatna,-11562.3
96478,Cotnari,-11572.45
30568,Popesti,-11586.95
109176,Oras Somcuta Mare,-11598.55
9627,Oras Nadlac,-11602.9
92836,Oras Amara,-11602.9
102543,1 Decembrie,-11623.2
70502,Oras Segarcea,-11640.6
106461,Oras Tautii-Magheraus,-11673.95
104831,Roata De Jos,-11682.65
66857,Corbii Mari,-11697.15
60534,Oras Techirghiol,-11710.2
179347,Glina,-11718.9
100219,Voinesti,-11739.2
36060,Oras Saveni,-11749.35
33621,Maieru,-11759.5
82617,Oras Turceni,-11769.65
9654,Oras Pancota,-11782.7
21196,Balcani,-11784.15
132075,Aricestii Rahtivani,-11785.6
24631,Poduri,-11818.95
145827,Oras Talmaciu,-11846.5
99673,Tibana,-11856.65
100969,Balotesti,-11984.25
92961,Borcea,-12014.7
98505,Popricani,-12016.15
130712,Brazi,-12024.85
164981,Oras Murgeni,-12030.65
139170,Turt,-12042.25
99780,Tibanesti,-12042.25
120771,Dumbrava Rosie,-12074.15
133214,Filipestii De Targ,-12077.05
31789,Tinca,-12117.65
155403,Oras Buzias,-12139.4
24766,Racaciuni,-12149.55
155261,Dumbravita,-12155.35
105936,Vidra,-12181.45
97241,Grajduri,-12193.05
134942,Puchenii Mari,-12216.25
114382,Sancraiu De Mures,-12227.85
9459,Oras Chisineu-Cris,-12233.65
66697,Cojasca,-12256.85
102570,Domnesti,-12301.8
102794,Floresti-Stoenesti,-12471.45
123914,Raucesti,-12472.9
120968,Oras Bicaz,-12513.5
123479,Piatra Soimului,-12514.95
158564,Sacalaz,-12564.25
178821,Vulturu,-12578.75
143806,Oras Dumbraveni,-12593.25
57902,Gilau,-12620.8
78329,Oras Targu Carbunesti,-12628.05
9495,Oras Curtici,-12638.2
125016,Vanatori-Neamt,-12649.8
73996,Sadova,-12664.3
45101,Berca,-12696.2
93487,Dragalina,-12699.1
65431,Razvad,-12722.3
66198,Baleni,-12735.35
67407,Dragomiresti,-12738.25
130678,Blejoi,-12777.4
47373,Maracineni,-12806.4
40465,Oras Victoria,-12822.35
167909,Oras Calimanesti,-12842.65
179310,Dobroesti,-12884.7
101298,Branesti,-13018.1
68468,Potlogi,-13038.4
123521,Pipirig,-13128.3
131443,Oras Plopeni,-13167.45
12368,Siria,-13170.35
50102,Vernesti,-13196.45
98685,Raducaneni,-13409.6
143557,Selimbar,-13416.85
175055,Oras Panciu,-13477.75
108348,Moisei,-13477.75
42003,Tarlungeni,-13480.65
50889,Oras Anina,-13547.35
63447,Oras Baraolt,-13580.7
63580,Oras Intorsura Buzaului,-13583.6
168372,Oras Babeni,-13627.1
13757,Oras Topoloveni,-13686.55
147633,Oras Cajvana,-13732.95
61318,Cobadin,-13773.55
23797,Oituz,-13788.05
158314,Oras Recas,-13809.8
136642,Oras Tasnad,-13809.8
121732,Borlesti,-13856.2
9538,Oras Ineu,-13892.45
108963,Oras Seini,-13927.25
41667,Prejmer,-13949.0
55446,Oras Huedin,-13966.4
175019,Oras Odobesti,-13991.05
148426,Dumbraveni,-14004.1
130552,Barcanesti,-14060.65
49956,Vadu Pasii,-14085.3
146655,Oras Siret,-14111.4
117827,Oras Iernut,-14173.75
75766,Brahasesti,-14227.4
87139,Oras Uricani,-14283.95
20466,Margineni,-14301.35
167179,Zorleni,-14331.8
131210,Oras Busteni,-14365.15
124634,Tamaseni,-14395.6
25068,Sascut,-14568.15
23715,Nicolae Balcescu,-14617.45
79308,Oras Bumbesti-Jiu,-14627.6
114417,Sangeorgiu De Mures,-14701.55
76601,Ivesti,-14795.8
130892,Targsoru Vechi,-14821.9
108473,Poienile De Sub Munte,-14878.45
109826,Simian,-14903.1
62191,Mihail Kogalniceanu,-14937.9
124117,Oras Roznov,-14974.15
101742,Cernica,-14991.55
149227,Oras Liteni,-15020.55
66081,Oras Titu,-15023.45
179409,Oras Magurele,-15029.25
179383,Jilava,-15075.65
161856,Oras Negresti,-15180.05
146370,Oras Salcea,-15209.05
96815,Deleni,-15243.85
13187,Bascov,-15258.35
133161,Filipestii De Padure,-15284.45
114854,Oras Sovata,-15307.65
92587,Modelu,-15361.3
63152,Lumina,-15385.95
13668,Oras Costesti,-15430.9
159650,Oras Babadag,-15451.2
73736,Poiana Mare,-15478.75
134096,Maneciu,-15481.65
83525,Oras Cristuru Secuiesc,-15661.45
55838,Baciu,-15680.3
26582,Sanmartin,-15680.3
87576,Oras Hateg,-15800.65
135949,Valea Calugareasca,-15835.45
146432,Scheia,-15889.1
76674,Liesti,-15919.55
60455,Oras Eforie,-15929.7
98373,Oras Podu Iloaiei,-16000.75
32027,Oras Valea Lui Mihai,-16026.85
149290,Marginea,-16038.45
43331,Oras Ianca,-16079.05
159730,Oras Macin,-16095.0
155314,Giroc,-16164.6
15108,Calinesti,-16180.55
47916,Oras Nehoiu,-16257.4
130785,Bucov,-16276.25
60801,Oras Harsova,-16284.95
26699,Oras Alesd,-16374.85
22380,Dofteana,-16393.7
63526,Oras Covasna,-16447.35
76969,Pechea,-16506.8
9574,Oras Lipova,-16524.2
110116,Oras Strehaia,-16537.25
148006,Oras Dolhasca,-16624.25
26804,Municipiul Beius,-16641.65
95872,Belcesti,-16695.3
131540,Oras Sinaia,-16733.0
131069,Oras Boldesti-Scaeni,-16811.3
131620,Oras Urlati,-16869.3
62360,Oras Murfatlar,-16891.05
32599,Oras Sangeorz-Bai,-16938.9
151905,Oras Videle,-17059.25
32544,Oras Nasaud,-17117.25
124206,Sabaoani,-17257.9
55687,Apahida,-17294.15
37280,Oras Flamanzi,-17317.35
139811,Oras Jibou,-17346.35
125622,Oras Draganesti-Olt,-17437.7
128711,Oras Scornicesti,-17501.5
143682,Oras Agnita,-17513.1
72007,Oras Dabuleni,-17662.45
32483,Oras Beclean,-17885.75
95355,Oras Harlau,-18022.05
131336,Oras Comarnic,-18096.0
76692,Matca,-18185.9
30915,Oras Sacueni,-18393.25
51207,Oras Otelu Rosu,-18407.75
35946,Oras Darabani,-18548.4
110063,Municipiul Orsova,-18761.55
9397,Vladimirescu,-18823.9
20965,Oras Targu Ocna,-19044.3
106817,Oras Targu Lapus,-19167.55
87424,Oras Calan,-19369.1
51118,Oras Oravita,-19373.45
174922,Oras Marasesti,-19489.45
51056,Oras Moldova Noua,-19662.0
155494,Oras Jimbolia,-19751.9
131817,Oras Valenii De Munte,-19760.6
82895,Oras Rovinari,-19809.9
101190,Oras Bolintin-Vale,-19889.65
95293,Tomesti,-20205.75
87665,Oras Simeria,-20213.0
11584,Oras Pecica,-20479.8
61620,Cumpana,-20617.55
96254,Ciurea,-21010.5
95471,Oras Targu Frumos,-21159.85
1794,Oras Ocna Mures,-21229.45
155528,Oras Sannicolau Mare,-21310.65
63125,Valu Lui Traian,-21346.9
22166,Oras Darmanesti,-21426.65
95159,Holboca,-21584.7
179285,Oras Chitila,-21794.95
179481,Oras Otopeni,-21838.45
13392,Oras Stefanesti,-22095.1
65681,Oras Gaesti,-22251.7
65921,Oras Pucioasa,-22331.45
151978,Oras Zimnicea,-22395.25
60687,Oras Ovidiu,-22649.0
12091,Oras Santana,-22672.2
144054,Oras Avrig,-22727.3
97919,Miroslava,-22749.05
87291,Municipiul Brad,-23108.65
83632,Municipiul Toplita,-23260.9
151095,Oras Vicovu De Sus,-23455.2
131407,Oras Mizil,-23919.2
131103,Oras Breaza,-24310.7
136599,Oras Negresti-Oas,-24484.7
92765,Oras Tandarei,-24638.4
146584,Oras Gura Humorului,-24757.3
106684,Oras Baia Sprie,-24781.95
179249,Chiajna,-24818.2
146744,Municipiul Vatra Dornei,-24919.7
179221,Oras Bragadiru,-24929.85
139884,Oras Simleu Silvaniei,-25259.0
100683,Municipiul Urziceni,-25376.45
114710,Oras Ludus,-25528.7
40367,Oras Rasnov,-25686.75
106979,Oras Viseu De Sus,-26347.95
26877,Municipiul Marghita,-26465.4
125542,Oras Corabia,-26482.8
70414,Oras Filiasi,-26736.55
70352,Municipiul Calafat,-26885.9
130981,Oras Baicoi,-27657.3
50969,Oras Bocsa,-27782.0
143735,Oras Cisnadie,-28035.75
60776,Oras Cernavoda,-28131.45
26975,Municipiul Salonta,-28131.45
70316,Municipiul Bailesti,-29023.2
83561,Municipiul Gheorgheni,-29044.95
146502,Municipiul Campulung Moldovenesc,-29229.1
63740,Municipiul Targu Secuiesc,-29407.45
65841,Municipiul Moreni,-29759.8
174860,Municipiul Adjud,-29793.15
20778,Oras Buhusi,-30215.1
167981,Municipiul Dragasani,-30429.7
1348,Municipiul Blaj,-30441.3
125418,Oras Bals,-30719.7
121055,Oras Targu Neamt,-31984.1
100576,Oras Buftea,-32092.85
87638,Municipiul Orastie,-32767.1
78141,Municipiul Motru,-33270.25
55384,Municipiul Gherla,-33705.25
20821,Oras Comanesti,-34885.55
136526,Municipiul Carei,-35671.45
20876,Municipiul Moinesti,-35836.75
87077,Oras Petrila,-36438.5
40241,Municipiul Codlea,-37830.5
1213,Municipiul Aiud,-38161.1
114925,Municipiul Tarnaveni,-38425.0
40492,Oras Zarnesti,-38616.4
1696,Oras Cugir,-38813.6
179515,Oras Pantelimon,-38945.55
87059,Municipiul Lupeni,-39419.7
179533,Oras Popesti Leordeni,-40424.55
57706,Floresti,-40836.35
55357,Municipiul Campia Turzii,-41061.1
100610,Municipiul Oltenita,-41084.3
87175,Municipiul Vulcan,-41980.4
106746,Oras Borsa,-43327.45
151683,Municipiul Turnu Magurele,-43520.3
161829,Municipiul Husi,-44248.2
51010,Municipiul Caransebes,-44264.15
36006,Municipiul Dorohoi,-45444.45
146539,Municipiul Falticeni,-45837.4
1874,Municipiul Sebes,-47200.4
151870,Municipiul Rosiori De Vede,-47323.65
146628,Municipiul Radauti,-48179.15
13622,Municipiul Curtea De Arges,-48486.55
114514,Municipiul Sighisoara,-49662.5
13301,Oras Mioveni,-50110.55
125472,Municipiul Caracal,-51086.4
92701,Municipiul Fetesti,-51596.8
40438,Municipiul Sacele,-52285.55
13490,Municipiul Campulung,-53584.75
131256,Municipiul Campina,-54482.3
114809,Municipiul Reghin,-55443.65
83133,Municipiul Odorheiu Secuiesc,-55955.5
55008,Municipiul Dej,-56529.7
40278,Municipiul Fagaras,-57985.5
179551,Oras Voluntari,-58772.85
44845,Municipiul Ramnicu Sarat,-59236.85
60507,Oras Navodari,-60454.85
83320,Municipiul Miercurea Ciuc,-61088.5
60482,Municipiul Mangalia,-61243.65
86990,Municipiul Petrosani,-62667.55
95391,Municipiul Pascani,-62905.35
106559,Municipiul Sighetu Marmatiei,-64010.25
75203,Municipiul Tecuci,-65956.15
60847,Municipiul Medgidia,-66853.7
155350,Municipiul Lugoj,-69218.65
151790,Municipiul Alexandria,-75595.75
20563,Municipiul Onesti,-76326.55
92658,Municipiul Slobozia,-77019.65
55259,Municipiul Turda,-83144.45
143619,Municipiul Medias,-84980.15
63394,Municipiul Sfantu Gheorghe,-94421.1
100521,Municipiul Giurgiu,-100202.25
139704,Municipiul Zalau,-101292.65
86687,Municipiul Deva,-102161.2
120860,Municipiul Roman,-102583.15
2915,Oras Baia De Aries,-105502.59999999999
161794,Municipiul Barlad,-105742.7
86810,Municipiul Hunedoara,-107704.55
92569,Municipiul Calarasi,-112715.75
125347,Municipiul Slatina,-122659.85
50790,Municipiul Resita,-128488.85
159614,Municipiul Tulcea,-130133.15
32394,Municipiul Bistrita,-135451.75
65342,Municipiul Targoviste,-135757.7
174744,Municipiul Focsani,-136987.3
77812,Municipiul Targu Jiu,-140486.15
161945,Municipiul Vaslui,-142330.55
109773,Municipiul Drobeta-Turnu Severin,-159108.5
120726,Municipiul Piatra-Neamt,-167285.05
146263,Municipiul Suceava,-169165.7
167473,Municipiul Ramnicu Valcea,-172306.4
35731,Municipiul Botosani,-177527.85
136483,Municipiul Satu Mare,-177712.0
44818,Municipiul Buzau,-196709.9
1071,Ciugud,-196882.35
106318,Municipiul Baia Mare,-214450.65
114319,Municipiul Targu Mures,-217914.7
143450,Municipiul Sibiu,-246326.0
13169,Municipiul Pitesti,-256364.35
9262,Municipiul Arad,-259774.75
20297,Municipiul Bacau,-286174.9
42682,Municipiul Braila,-305513.55
26564,Municipiul Oradea,-323132.5
130534,Municipiul Ploiesti,-338954.9
40198,Municipiul Brasov,-421884.75
75098,Municipiul Galati,-441684.5
69900,Municipiul Craiova,-443621.7
60419,Municipiul Constanta,-461062.3
54975,Municipiul Cluj-Napoca,-466778.2
155243,Municipiul Timisoara,-483154.5
95060,Municipiul Iasi,-526802.4
179132,Municipiul Bucuresti,-3055728.55
